"SKU","Model","Status","OldProductURL","NewProductURL","CandidateCount"
"BA08 011 5902 US","BGA 30","Unchanged","https://www.westendpower.com/new-models/stihl-bga-30-set-w2x-as-2-batteries-al-1-charger-29386327b","https://www.westendpower.com/new-models/stihl-bga-30-set-w2x-as-2-batteries-al-1-charger-29386327b","2"
"BA08 011 5912 US","BGA 30","Unchanged","https://www.westendpower.com/new-models/stihl-bga-30-set-w2x-as-2-batteries-al-1-charger-29386327b","https://www.westendpower.com/new-models/stihl-bga-30-set-w2x-as-2-batteries-al-1-charger-29386327b","2"
"BA05 011 5901 US","BGA 50","Unchanged","https://www.westendpower.com/new-models/stihl-bga-50-set-wbattery-charger-29386354b","https://www.westendpower.com/new-models/stihl-bga-50-set-wbattery-charger-29386354b","1"
"BA05 011 5919 US","BGA 50","Unchanged","https://www.westendpower.com/new-models/stihl-bga-50-set-wbattery-charger-29386354b","https://www.westendpower.com/new-models/stihl-bga-50-set-wbattery-charger-29386354b","1"
"4523 011 5961 US","BGA 57","Missing","","","0"
"BA04 011 5901 US","BGA 60","Unchanged","https://www.westendpower.com/new-models/stihl-bga-60-set-wbattery-charger-29386228b","https://www.westendpower.com/new-models/stihl-bga-60-set-wbattery-charger-29386228b","2"
"BA04 011 5941 US","BGA 60","Unchanged","https://www.westendpower.com/new-models/stihl-bga-60-set-wbattery-charger-29386228b","https://www.westendpower.com/new-models/stihl-bga-60-set-wbattery-charger-29386228b","2"
"BA02 011 5901 US","BGA 86","New","","https://www.westendpower.com/new-models/stihl-bga-86-set-wbattery-charger-29386233b","2"
"BA02 211 0000 US","BGA 86","New","","https://www.westendpower.com/new-models/stihl-bga-86-set-wbattery-charger-29386233b","2"
"BA02 200 0010","BGA 86","Inactive","","","2"
"4866 011 5901 US","BGA 100","Missing","","","0"
"BA09 011 5901 US","BGA 160","Unchanged","https://www.westendpower.com/new-models/stihl-bga-160-set-wbattery-charger-29386291b","https://www.westendpower.com/new-models/stihl-bga-160-set-wbattery-charger-29386291b","2"
"BA09 011 5910 US","BGA 160","Unchanged","https://www.westendpower.com/new-models/stihl-bga-160-set-wbattery-charger-29386291b","https://www.westendpower.com/new-models/stihl-bga-160-set-wbattery-charger-29386291b","2"
"BA01 011 5901 US","BGA 200","Unchanged","https://www.westendpower.com/new-models/stihl-bga-200-unit-only-29386304b","https://www.westendpower.com/new-models/stihl-bga-200-unit-only-29386304b","1"
"BA06 011 5901 US","BGA 250","Unchanged","https://www.westendpower.com/new-models/stihl-bga-250-unit-only-29386294b","https://www.westendpower.com/new-models/stihl-bga-250-unit-only-29386294b","1"
"BA03 011 5911 US","BGA 300","Unchanged","https://www.westendpower.com/new-models/stihl-bga-300-unit-only-29386356b","https://www.westendpower.com/new-models/stihl-bga-300-unit-only-29386356b","1"
"BA11 011 5901 US","BRA 200","Unchanged","https://www.westendpower.com/new-models/stihl-bra-200-unit-only-29386359b","https://www.westendpower.com/new-models/stihl-bra-200-unit-only-29386359b","1"
"BA11 011 5931 US","BRA 200","Unchanged","https://www.westendpower.com/new-models/stihl-bra-200-unit-only-29386359b","https://www.westendpower.com/new-models/stihl-bra-200-unit-only-29386359b","1"
"BA11 011 5921 US","BRA 280","Unchanged","https://www.westendpower.com/new-models/stihl-bra-280-set-wbattery-charger-29386366b","https://www.westendpower.com/new-models/stihl-bra-280-set-wbattery-charger-29386366b","2"
"BA11 011 5951 US","BRA 280","Unchanged","https://www.westendpower.com/new-models/stihl-bra-280-set-wbattery-charger-29386366b","https://www.westendpower.com/new-models/stihl-bra-280-set-wbattery-charger-29386366b","2"
"BA07 011 5901 US","BRA 500","Unchanged","https://www.westendpower.com/new-models/stihl-bra-500-unit-only-29386345b","https://www.westendpower.com/new-models/stihl-bra-500-unit-only-29386345b","1"
"BA07 011 5911 US","BRA 600","Unchanged","https://www.westendpower.com/new-models/stihl-bra-600-unit-only-29386347b","https://www.westendpower.com/new-models/stihl-bra-600-unit-only-29386347b","1"
"FA10 011 5701 US","FSA 30","Unchanged","https://www.westendpower.com/new-models/stihl-fsa-30-set-wbattery-charger-29386214b","https://www.westendpower.com/new-models/stihl-fsa-30-set-wbattery-charger-29386214b","2"
"FA10 011 5711 US","FSA 30","Unchanged","https://www.westendpower.com/new-models/stihl-fsa-30-set-wbattery-charger-29386214b","https://www.westendpower.com/new-models/stihl-fsa-30-set-wbattery-charger-29386214b","2"
"FA11 011 5711 US","FSA 50","Unchanged","https://www.westendpower.com/new-models/stihl-fsa-50-set-wbattery-charger-29385606b","https://www.westendpower.com/new-models/stihl-fsa-50-set-wbattery-charger-29385606b","1"
"FA04 011 5701 US","FSA 60 R","Unchanged","https://www.westendpower.com/new-models/stihl-fsa-60-r-set-wbattery-charger-29385639b","https://www.westendpower.com/new-models/stihl-fsa-60-r-set-wbattery-charger-29385639b","2"
"FA04 011 5741 US","FSA 60 R","Unchanged","https://www.westendpower.com/new-models/stihl-fsa-60-r-set-wbattery-charger-29385639b","https://www.westendpower.com/new-models/stihl-fsa-60-r-set-wbattery-charger-29385639b","2"
"4852 011 5702 US","FSA 65","Missing","","","0"
"FA07 011 5701 US","FSA 70 R","Unchanged","https://www.westendpower.com/new-models/stihl-fsa-70-r-unit-only-29385647b","https://www.westendpower.com/new-models/stihl-fsa-70-r-unit-only-29385647b","2"
"FA07 011 5711 US","FSA 70 R","Unchanged","https://www.westendpower.com/new-models/stihl-fsa-70-r-unit-only-29385647b","https://www.westendpower.com/new-models/stihl-fsa-70-r-unit-only-29385647b","2"
"FA08 011 5721 US","FSA 80 R","Unchanged","https://www.westendpower.com/new-models/stihl-fsa-80-r-set-wbattery-charger-29385665b","https://www.westendpower.com/new-models/stihl-fsa-80-r-set-wbattery-charger-29385665b","2"
"FA08 011 5731 US","FSA 80 R","Unchanged","https://www.westendpower.com/new-models/stihl-fsa-80-r-set-wbattery-charger-29385665b","https://www.westendpower.com/new-models/stihl-fsa-80-r-set-wbattery-charger-29385665b","2"
"FA08 011 5701 US","FSA 80","Unchanged","https://www.westendpower.com/new-models/stihl-fsa-80-set-wbattery-charger-29385661b","https://www.westendpower.com/new-models/stihl-fsa-80-set-wbattery-charger-29385661b","2"
"FA08 011 5711 US","FSA 80","Unchanged","https://www.westendpower.com/new-models/stihl-fsa-80-set-wbattery-charger-29385661b","https://www.westendpower.com/new-models/stihl-fsa-80-set-wbattery-charger-29385661b","2"
"FA05 011 5701 US","FSA 86 R","Unchanged","https://www.westendpower.com/new-models/stihl-fsa-86-r-unit-only-29386012b","https://www.westendpower.com/new-models/stihl-fsa-86-r-unit-only-29386012b","1"
"FA07 011 5721 US","FSA 110 R","Unchanged","https://www.westendpower.com/new-models/stihl-fsa-110-r-unit-only-29386135b","https://www.westendpower.com/new-models/stihl-fsa-110-r-unit-only-29386135b","1"
"FA08 200 0006 US","FSA 120 R","Unchanged","https://www.westendpower.com/new-models/stihl-fsa-120-r-unit-only-29386145b","https://www.westendpower.com/new-models/stihl-fsa-120-r-unit-only-29386145b","1"
"FA08 011 5772 US","FSA 120 R","Unchanged","https://www.westendpower.com/new-models/stihl-fsa-120-r-unit-only-29386145b","https://www.westendpower.com/new-models/stihl-fsa-120-r-unit-only-29386145b","1"
"FA08 011 5761 US","FSA 120","Missing","","","0"
"FA01 200 0011 US","FSA 135 R","Unchanged","https://www.westendpower.com/new-models/stihl-fsa-135-r-unit-only-29385671b","https://www.westendpower.com/new-models/stihl-fsa-135-r-unit-only-29385671b","1"
"FA01 200 0006 US","FSA 135","Unchanged","https://www.westendpower.com/new-models/stihl-fsa-135-unit-only-29386011b","https://www.westendpower.com/new-models/stihl-fsa-135-unit-only-29386011b","1"
"FA03 200 0008 US","FSA 200 R","Unchanged","https://www.westendpower.com/new-models/stihl-fsa-200-r-unit-only-29386159b","https://www.westendpower.com/new-models/stihl-fsa-200-r-unit-only-29386159b","1"
"FA03 200 0004 US","FSA 200","Unchanged","https://www.westendpower.com/new-models/stihl-fsa-200-unit-only-29386166b","https://www.westendpower.com/new-models/stihl-fsa-200-unit-only-29386166b","1"
"FA09 200 0010 US","FSA 400","Unchanged","https://www.westendpower.com/new-models/stihl-fsa-400-unit-only-29386170b","https://www.westendpower.com/new-models/stihl-fsa-400-unit-only-29386170b","1"
"FA09 200 0011 US","FSA 400 K","Unchanged","https://www.westendpower.com/new-models/stihl-fsa-400-k-unit-only-29386177b","https://www.westendpower.com/new-models/stihl-fsa-400-k-unit-only-29386177b","1"
"GA01 011 6906 US","GTA 26","Unchanged","https://www.westendpower.com/new-models/stihl-gta-26-extension-29387473b","https://www.westendpower.com/new-models/stihl-gta-26-extension-29387473b","3"
"GA01 011 6911 US","GTA 26","Unchanged","https://www.westendpower.com/new-models/stihl-gta-26-extension-29387473b","https://www.westendpower.com/new-models/stihl-gta-26-extension-29387473b","3"
"GA05 011 6911 US","GTA 30","Unchanged","https://www.westendpower.com/new-models/stihl-gta-30-set-wbatteries-charger-garden-pruner-29386380b","https://www.westendpower.com/new-models/stihl-gta-30-set-wbatteries-charger-garden-pruner-29386380b","1"
"GA04 011 6901 US","GTA 40","Unchanged","https://www.westendpower.com/new-models/stihl-gta-40-set-wbatteries-charger-garden-pruner-29386383b","https://www.westendpower.com/new-models/stihl-gta-40-set-wbatteries-charger-garden-pruner-29386383b","2"
"GA04 011 6911 US","GTA 40","Unchanged","https://www.westendpower.com/new-models/stihl-gta-40-set-wbatteries-charger-garden-pruner-29386383b","https://www.westendpower.com/new-models/stihl-gta-40-set-wbatteries-charger-garden-pruner-29386383b","2"
"HA10 011 2911 US","HLA 40","Unchanged","https://www.westendpower.com/new-models/stihl-hla-40-set-wbattery-charger-extended-reach-29386148b","https://www.westendpower.com/new-models/stihl-hla-40-set-wbattery-charger-extended-reach-29386148b","1"
"HA01 011 2901 US","HLA 56","Unchanged","https://www.westendpower.com/new-models/stihl-hla-56-unit-only-battery-powered-extended-reach-29386158b","https://www.westendpower.com/new-models/stihl-hla-56-unit-only-battery-powered-extended-reach-29386158b","1"
"HA01 200 0004","HLA 56","Unchanged","https://www.westendpower.com/new-models/stihl-hla-56-unit-only-battery-powered-extended-reach-29386158b","https://www.westendpower.com/new-models/stihl-hla-56-unit-only-battery-powered-extended-reach-29386158b","1"
"HA01 200 0037","HLA 56","Unchanged","https://www.westendpower.com/new-models/stihl-hla-56-unit-only-battery-powered-extended-reach-29386158b","https://www.westendpower.com/new-models/stihl-hla-56-unit-only-battery-powered-extended-reach-29386158b","1"
"4859 011 2911 US","HLA 66","Unchanged","https://www.westendpower.com/new-models/stihl-hla-66-unit-only-battpowered-extended-reach-29386163b","https://www.westendpower.com/new-models/stihl-hla-66-unit-only-battpowered-extended-reach-29386163b","1"
"4859 011 2931 US","HLA 86","Unchanged","https://www.westendpower.com/new-models/stihl-hla-86-unit-only-battery-powered-extended-reach-29386168b","https://www.westendpower.com/new-models/stihl-hla-86-unit-only-battery-powered-extended-reach-29386168b","1"
"HA04 200 0008 US","HLA 135 K","Unchanged","https://www.westendpower.com/new-models/stihl-hla-135-k-145-unit-battpowered-extended-reach-29386179b","https://www.westendpower.com/new-models/stihl-hla-135-k-145-unit-battpowered-extended-reach-29386179b","2"
"HA03 011 3501 US","HSA 26","Unchanged","https://www.westendpower.com/new-models/stihl-hsa-26-unit-only-hedge-trimmer-29385688b","https://www.westendpower.com/new-models/stihl-hsa-26-unit-only-hedge-trimmer-29385688b","2"
"HA03 011 3507 US","HSA 26","Unchanged","https://www.westendpower.com/new-models/stihl-hsa-26-unit-only-hedge-trimmer-29385688b","https://www.westendpower.com/new-models/stihl-hsa-26-unit-only-hedge-trimmer-29385688b","2"
"HA08 011 3502 US","HSA 30","Unchanged","https://www.westendpower.com/new-models/stihl-hsa-30-unit-only-battery-powered-hedge-trimmer-29386045b","https://www.westendpower.com/new-models/stihl-hsa-30-unit-only-battery-powered-hedge-trimmer-29386045b","2"
"HA08 011 3509 US","HSA 30","Unchanged","https://www.westendpower.com/new-models/stihl-hsa-30-unit-only-battery-powered-hedge-trimmer-29386045b","https://www.westendpower.com/new-models/stihl-hsa-30-unit-only-battery-powered-hedge-trimmer-29386045b","2"
"HA08 011 3522 US","HSA 40","Unchanged","https://www.westendpower.com/new-models/stihl-hsa-40-unit-only-hedge-trimmer-29386054b","https://www.westendpower.com/new-models/stihl-hsa-40-unit-only-hedge-trimmer-29386054b","2"
"HA08 011 3529 US","HSA 40","Unchanged","https://www.westendpower.com/new-models/stihl-hsa-40-unit-only-hedge-trimmer-29386054b","https://www.westendpower.com/new-models/stihl-hsa-40-unit-only-hedge-trimmer-29386054b","2"
"4521 011 3561 US","HSA 50","Unchanged","https://www.westendpower.com/new-models/stihl-hsa-50-set-wbattery-charger-hedge-trimmer-29386092b","https://www.westendpower.com/new-models/stihl-hsa-50-set-wbattery-charger-hedge-trimmer-29386092b","2"
"4521 011 3571 US","HSA 50","Unchanged","https://www.westendpower.com/new-models/stihl-hsa-50-set-wbattery-charger-hedge-trimmer-29386092b","https://www.westendpower.com/new-models/stihl-hsa-50-set-wbattery-charger-hedge-trimmer-29386092b","2"
"HA06 011 3501 US","HSA 60","Unchanged","https://www.westendpower.com/new-models/stihl-hsa-60-set-wbattery-charger-hedge-trimmer-29386030b","https://www.westendpower.com/new-models/stihl-hsa-60-set-wbattery-charger-hedge-trimmer-29386030b","2"
"HA06 011 3541 US","HSA 60","Unchanged","https://www.westendpower.com/new-models/stihl-hsa-60-set-wbattery-charger-hedge-trimmer-29386030b","https://www.westendpower.com/new-models/stihl-hsa-60-set-wbattery-charger-hedge-trimmer-29386030b","2"
"HA07 011 3531 US","HSA 100","Unchanged","https://www.westendpower.com/new-models/stihl-hsa-100-unit-only-battery-powered-hedge-trimmer-29386095b","https://www.westendpower.com/new-models/stihl-hsa-100-unit-only-battery-powered-hedge-trimmer-29386095b","1"
"HA02 011 3501 US","HSA 140 R","Unchanged","https://www.westendpower.com/new-models/stihl-hsa-140-runit-only-battery-powered-hedge-trimmer-29386103b","https://www.westendpower.com/new-models/stihl-hsa-140-runit-only-battery-powered-hedge-trimmer-29386103b","1"
"HA02 211 0000 US","HSA 140 R","Unchanged","https://www.westendpower.com/new-models/stihl-hsa-140-runit-only-battery-powered-hedge-trimmer-29386103b","https://www.westendpower.com/new-models/stihl-hsa-140-runit-only-battery-powered-hedge-trimmer-29386103b","1"
"HA02 011 3511 US","HSA 140 T","Unchanged","https://www.westendpower.com/new-models/stihl-hsa-140-tunit-only-battery-powered-hedge-trimmer-29386099b","https://www.westendpower.com/new-models/stihl-hsa-140-tunit-only-battery-powered-hedge-trimmer-29386099b","1"
"HA02 011 3521 US","HSA 150 R","Unchanged","https://www.westendpower.com/new-models/stihl-hsa-150-runit-only-battery-powered-hedge-trimmer-29386143b","https://www.westendpower.com/new-models/stihl-hsa-150-runit-only-battery-powered-hedge-trimmer-29386143b","1"
"HA02 211 0002 US","HSA 150 R","Unchanged","https://www.westendpower.com/new-models/stihl-hsa-150-runit-only-battery-powered-hedge-trimmer-29386143b","https://www.westendpower.com/new-models/stihl-hsa-150-runit-only-battery-powered-hedge-trimmer-29386143b","1"
"HA02 011 3531 US","HSA 150 T","Unchanged","https://www.westendpower.com/new-models/stihl-hsa-150-t-40-unit-only-hedge-trimmer-29386133b","https://www.westendpower.com/new-models/stihl-hsa-150-t-40-unit-only-hedge-trimmer-29386133b","2"
"HA02 211 0003 US","HSA 150 T","Unchanged","https://www.westendpower.com/new-models/stihl-hsa-150-t-40-unit-only-hedge-trimmer-29386133b","https://www.westendpower.com/new-models/stihl-hsa-150-t-40-unit-only-hedge-trimmer-29386133b","2"
"HA02 011 3537 US","HSA 150 T","Unchanged","https://www.westendpower.com/new-models/stihl-hsa-150-t-40-unit-only-hedge-trimmer-29386133b","https://www.westendpower.com/new-models/stihl-hsa-150-t-40-unit-only-hedge-trimmer-29386133b","2"
"HA02 211 0004 US","HSA 150 T","Unchanged","https://www.westendpower.com/new-models/stihl-hsa-150-t-40-unit-only-hedge-trimmer-29386133b","https://www.westendpower.com/new-models/stihl-hsa-150-t-40-unit-only-hedge-trimmer-29386133b","2"
"LA02 011 6401 US","HTA 50","Unchanged","https://www.westendpower.com/new-models/stihl-hta-50-unit-only-29388199b","https://www.westendpower.com/new-models/stihl-hta-50-unit-only-29388199b","2"
"LA02 200 0018","HTA 50","Unchanged","https://www.westendpower.com/new-models/stihl-hta-50-unit-only-29388199b","https://www.westendpower.com/new-models/stihl-hta-50-unit-only-29388199b","2"
"LA03 011 6411 US","HTA 66","Unchanged","https://www.westendpower.com/new-models/stihl-hta-66-battery-powered-pole-pruner-29385047b","https://www.westendpower.com/new-models/stihl-hta-66-battery-powered-pole-pruner-29385047b","1"
"LA03 011 6431 US","HTA 86","Unchanged","https://www.westendpower.com/new-models/stihl-hta-86-battery-powered-pole-pruner-29385051b","https://www.westendpower.com/new-models/stihl-hta-86-battery-powered-pole-pruner-29385051b","1"
"LA01 200 0001 US","HTA 135","Unchanged","https://www.westendpower.com/new-models/stihl-hta-135-battery-powered-pole-pruner-29385026b","https://www.westendpower.com/new-models/stihl-hta-135-battery-powered-pole-pruner-29385026b","1"
"LA01 200 0024 US","HTA 150","Unchanged","https://www.westendpower.com/new-models/stihl-hta-150-battery-powered-pole-pruner-29385053b","https://www.westendpower.com/new-models/stihl-hta-150-battery-powered-pole-pruner-29385053b","1"
"4860 011 4707 US","KGA 770","Unchanged","https://www.westendpower.com/new-models/stihl-kga-770-unit-only-29387363b","https://www.westendpower.com/new-models/stihl-kga-770-unit-only-29387363b","1"
"FA08 011 6801 US","KMA 80 R","Unchanged","https://www.westendpower.com/new-models/stihl-kma-80-r-set-battery-charger-only-kombisystem-29386329b","https://www.westendpower.com/new-models/stihl-kma-80-r-set-battery-charger-only-kombisystem-29386329b","2"
"FA08 011 6810 US","KMA 80 R","Unchanged","https://www.westendpower.com/new-models/stihl-kma-80-r-set-battery-charger-only-kombisystem-29386329b","https://www.westendpower.com/new-models/stihl-kma-80-r-set-battery-charger-only-kombisystem-29386329b","2"
"FA08 011 6811 US","KMA 80 R","Unchanged","https://www.westendpower.com/new-models/stihl-kma-80-r-set-battery-charger-only-kombisystem-29386329b","https://www.westendpower.com/new-models/stihl-kma-80-r-set-battery-charger-only-kombisystem-29386329b","2"
"FA08 011 6821 US","KMA 120 R","Unchanged","https://www.westendpower.com/new-models/stihl-kma-120-r-set-wbatt-charger-fs-km-kombisystem-29386343b","https://www.westendpower.com/new-models/stihl-kma-120-r-set-wbatt-charger-fs-km-kombisystem-29386343b","2"
"FA08 011 6833 US","KMA 120 R","Unchanged","https://www.westendpower.com/new-models/stihl-kma-120-r-set-wbatt-charger-fs-km-kombisystem-29386343b","https://www.westendpower.com/new-models/stihl-kma-120-r-set-wbatt-charger-fs-km-kombisystem-29386343b","2"
"FA02 011 6801 US","KMA 135 R","Missing","","","0"
"FA03 011 6801 US","KMA 200 R","Unchanged","https://www.westendpower.com/new-models/stihl-kma-200-r-unit-only-battery-kombisystem-29386350b","https://www.westendpower.com/new-models/stihl-kma-200-r-unit-only-battery-kombisystem-29386350b","1"
"SA06 011 8201 US","KOA 20","Unchanged","https://www.westendpower.com/new-models/stihl-koa-20-set-wbattery-charger-29386548b","https://www.westendpower.com/new-models/stihl-koa-20-set-wbattery-charger-29386548b","2"
"SA06 011 8211 US","KOA 20","Unchanged","https://www.westendpower.com/new-models/stihl-koa-20-set-wbattery-charger-29386548b","https://www.westendpower.com/new-models/stihl-koa-20-set-wbattery-charger-29386548b","2"
"MA04 011 5867 US","MSA 60 C-B","Unchanged","https://www.westendpower.com/new-models/stihl-msa-60-c-bq-set-29387754b","https://www.westendpower.com/new-models/stihl-msa-60-c-bq-set-29387754b","2"
"MA04 011 5817 US","MSA 70 C-B","Unchanged","https://www.westendpower.com/new-models/stihl-msa-70-c-b-set-wak-30-battery-powered-chainsaw-29381562b","https://www.westendpower.com/new-models/stihl-msa-70-c-b-set-wak-30-battery-powered-chainsaw-29381562b","2"
"MA04 011 5877 US","MSA 70 C-B","Unchanged","https://www.westendpower.com/new-models/stihl-msa-70-c-b-set-wak-30-battery-powered-chainsaw-29381562b","https://www.westendpower.com/new-models/stihl-msa-70-c-b-set-wak-30-battery-powered-chainsaw-29381562b","2"
"MA04 011 5883 US","MSA 70 C-B","Unchanged","https://www.westendpower.com/new-models/stihl-msa-70-c-b-set-wak-30-battery-powered-chainsaw-29381562b","https://www.westendpower.com/new-models/stihl-msa-70-c-b-set-wak-30-battery-powered-chainsaw-29381562b","2"
"MA04 011 5845 US","MSA 80 C-B","Unchanged","https://www.westendpower.com/new-models/stihl-msa-80-c-b-set-battery-powered-chainsaw-29381643b","https://www.westendpower.com/new-models/stihl-msa-80-c-b-set-battery-powered-chainsaw-29381643b","2"
"MA04 011 5835 US","MSA 80 C-B","Unchanged","https://www.westendpower.com/new-models/stihl-msa-80-c-b-set-battery-powered-chainsaw-29381643b","https://www.westendpower.com/new-models/stihl-msa-80-c-b-set-battery-powered-chainsaw-29381643b","2"
"1254 011 5871 US","MSA 120 C-BQ","Missing","","","0"
"MA03 200 0002","MSA 160 C- B","Unchanged","https://www.westendpower.com/new-models/stihl-msa-160-c-b-14-wo-batt-chrg-29381742b","https://www.westendpower.com/new-models/stihl-msa-160-c-b-14-wo-batt-chrg-29381742b","2"
"MA03 200 0044","MSA 160 C- B","Unchanged","https://www.westendpower.com/new-models/stihl-msa-160-c-b-14-wo-batt-chrg-29381742b","https://www.westendpower.com/new-models/stihl-msa-160-c-b-14-wo-batt-chrg-29381742b","2"
"MA03 200 0008","MSA 200 C-B","Unchanged","https://www.westendpower.com/new-models/stihl-msa-200-c-b-w12-battery-powered-chainsaw-29381750b","https://www.westendpower.com/new-models/stihl-msa-200-c-b-w12-battery-powered-chainsaw-29381750b","2"
"MA03 200 0007","MSA 200 C-B","Unchanged","https://www.westendpower.com/new-models/stihl-msa-200-c-b-w12-battery-powered-chainsaw-29381750b","https://www.westendpower.com/new-models/stihl-msa-200-c-b-w12-battery-powered-chainsaw-29381750b","2"
"MA03 200 0043","MSA 200 C-B","Unchanged","https://www.westendpower.com/new-models/stihl-msa-200-c-b-w12-battery-powered-chainsaw-29381750b","https://www.westendpower.com/new-models/stihl-msa-200-c-b-w12-battery-powered-chainsaw-29381750b","2"
"MA03 200 0015","MSA 220 C-B","Unchanged","https://www.westendpower.com/new-models/stihl-msa-220-c-b-18-wo-batt-chrg-29381764b","https://www.westendpower.com/new-models/stihl-msa-220-c-b-18-wo-batt-chrg-29381764b","3"
"MA03 200 0014","MSA 220 C-B","Unchanged","https://www.westendpower.com/new-models/stihl-msa-220-c-b-18-wo-batt-chrg-29381764b","https://www.westendpower.com/new-models/stihl-msa-220-c-b-18-wo-batt-chrg-29381764b","3"
"MA03 200 0016","MSA 220 C-B","Unchanged","https://www.westendpower.com/new-models/stihl-msa-220-c-b-18-wo-batt-chrg-29381764b","https://www.westendpower.com/new-models/stihl-msa-220-c-b-18-wo-batt-chrg-29381764b","3"
"MA02 200 0058","MSA 300","Unchanged","https://www.westendpower.com/new-models/stihl-msa-300-c-o-20-battery-powered-chainsaw-29382461b","https://www.westendpower.com/new-models/stihl-msa-300-c-o-20-battery-powered-chainsaw-29382461b","3"
"MA02 200 0059","MSA 300","Unchanged","https://www.westendpower.com/new-models/stihl-msa-300-c-o-20-battery-powered-chainsaw-29382461b","https://www.westendpower.com/new-models/stihl-msa-300-c-o-20-battery-powered-chainsaw-29382461b","3"
"MA02 200 0060","MSA 300","Unchanged","https://www.westendpower.com/new-models/stihl-msa-300-c-o-20-battery-powered-chainsaw-29382461b","https://www.westendpower.com/new-models/stihl-msa-300-c-o-20-battery-powered-chainsaw-29382461b","3"
"1252 200 0048","MSA 161 T","Missing","","","0"
"MA05 200 0017","MSA 190 T","Unchanged","https://www.westendpower.com/new-models/stihl-msa-190-t-unit-only-battery-powered-chainsaw-29381765b","https://www.westendpower.com/new-models/stihl-msa-190-t-unit-only-battery-powered-chainsaw-29381765b","1"
"MA05 200 0014","MSA 190 T","Unchanged","https://www.westendpower.com/new-models/stihl-msa-190-t-unit-only-battery-powered-chainsaw-29381765b","https://www.westendpower.com/new-models/stihl-msa-190-t-unit-only-battery-powered-chainsaw-29381765b","1"
"MA05 200 0018","MSA 190 T","Unchanged","https://www.westendpower.com/new-models/stihl-msa-190-t-unit-only-battery-powered-chainsaw-29381765b","https://www.westendpower.com/new-models/stihl-msa-190-t-unit-only-battery-powered-chainsaw-29381765b","1"
"MA01 200 0056","MSA 220 TC-O","Unchanged","https://www.westendpower.com/new-models/stihl-msa-220-tc-o-16-61ps3-29384276b","https://www.westendpower.com/new-models/stihl-msa-220-tc-o-16-61ps3-29384276b","6"
"MA01 200 0033","MSA 220 TC-O","Unchanged","https://www.westendpower.com/new-models/stihl-msa-220-tc-o-16-61ps3-29384276b","https://www.westendpower.com/new-models/stihl-msa-220-tc-o-16-61ps3-29384276b","6"
"MA01 200 0034","MSA 220 TC-O","Unchanged","https://www.westendpower.com/new-models/stihl-msa-220-tc-o-16-61ps3-29384276b","https://www.westendpower.com/new-models/stihl-msa-220-tc-o-16-61ps3-29384276b","6"
"MA01 200 0057","MSA 220 TC-O","Unchanged","https://www.westendpower.com/new-models/stihl-msa-220-tc-o-16-61ps3-29384276b","https://www.westendpower.com/new-models/stihl-msa-220-tc-o-16-61ps3-29384276b","6"
"MA01 200 0014","MSA 220 TC-O","Unchanged","https://www.westendpower.com/new-models/stihl-msa-220-tc-o-16-61ps3-29384276b","https://www.westendpower.com/new-models/stihl-msa-220-tc-o-16-61ps3-29384276b","6"
"MA01 200 0035","MSA 220 TC-O","Unchanged","https://www.westendpower.com/new-models/stihl-msa-220-tc-o-16-61ps3-29384276b","https://www.westendpower.com/new-models/stihl-msa-220-tc-o-16-61ps3-29384276b","6"
"MA01 200 0058","MSA 220 TC-O","Unchanged","https://www.westendpower.com/new-models/stihl-msa-220-tc-o-16-61ps3-29384276b","https://www.westendpower.com/new-models/stihl-msa-220-tc-o-16-61ps3-29384276b","6"
"MA01 200 0016","MSA 220 TC-O","Unchanged","https://www.westendpower.com/new-models/stihl-msa-220-tc-o-16-61ps3-29384276b","https://www.westendpower.com/new-models/stihl-msa-220-tc-o-16-61ps3-29384276b","6"
"MA01 200 0036","MSA 220 TC-O","Unchanged","https://www.westendpower.com/new-models/stihl-msa-220-tc-o-16-61ps3-29384276b","https://www.westendpower.com/new-models/stihl-msa-220-tc-o-16-61ps3-29384276b","6"
"GA08 011 8001 US","PS 1","Unchanged","https://www.westendpower.com/new-models/stihl-ps-10-power-29398080b","https://www.westendpower.com/new-models/stihl-ps-10-power-29398080b","2"
"GA09 811 8001 US","PS 2000","Missing","","","0"
"RA02 011 7601 US","RCA 20","Unchanged","https://www.westendpower.com/new-models/stihl-rca-20-battery-pressure-washer-set-wbc-29386489b","https://www.westendpower.com/new-models/stihl-rca-20-battery-pressure-washer-set-wbc-29386489b","2"
"RA02 011 7611 US","RCA 20","Unchanged","https://www.westendpower.com/new-models/stihl-rca-20-battery-pressure-washer-set-wbc-29386489b","https://www.westendpower.com/new-models/stihl-rca-20-battery-pressure-washer-set-wbc-29386489b","2"
"RA01 011 7603 US","REA 60","Unchanged","https://www.westendpower.com/new-models/stihl-rea-60-set-wbattery-charger-29386503b","https://www.westendpower.com/new-models/stihl-rea-60-set-wbattery-charger-29386503b","2"
"RA01 011 7623 US","REA 60","Unchanged","https://www.westendpower.com/new-models/stihl-rea-60-set-wbattery-charger-29386503b","https://www.westendpower.com/new-models/stihl-rea-60-set-wbattery-charger-29386503b","2"
"RA01 011 7633 US","REA 100","Unchanged","https://www.westendpower.com/new-models/stihl-rea-100-set-wbattery-charger-29386515b","https://www.westendpower.com/new-models/stihl-rea-100-set-wbattery-charger-29386515b","2"
"WA31 011 1400 US","RMA 348","Unchanged","https://www.westendpower.com/new-models/stihl-rma-348-set-battery-powered-lawn-mower-29381269b","https://www.westendpower.com/new-models/stihl-rma-348-set-battery-powered-lawn-mower-29381269b","2"
"WA31 211 0000 US","RMA 348","Unchanged","https://www.westendpower.com/new-models/stihl-rma-348-set-battery-powered-lawn-mower-29381269b","https://www.westendpower.com/new-models/stihl-rma-348-set-battery-powered-lawn-mower-29381269b","2"
"WA31 011 1420 US","RMA 348 V","Unchanged","https://www.westendpower.com/new-models/stihl-rma-348-v-set-battery-powered-lawn-mower-29381274b","https://www.westendpower.com/new-models/stihl-rma-348-v-set-battery-powered-lawn-mower-29381274b","2"
"WA31 211 0001 US","RMA 348 V","Unchanged","https://www.westendpower.com/new-models/stihl-rma-348-v-set-battery-powered-lawn-mower-29381274b","https://www.westendpower.com/new-models/stihl-rma-348-v-set-battery-powered-lawn-mower-29381274b","2"
"WA41 011 1450 US","RMA 448 V","Unchanged","https://www.westendpower.com/new-models/stihl-rma-448-v-set-wak-30-s-battery-powered-lawn-mower-29381309b","https://www.westendpower.com/new-models/stihl-rma-448-v-set-wak-30-s-battery-powered-lawn-mower-29381309b","2"
"WA41 211 0000 US","RMA 448 V","Unchanged","https://www.westendpower.com/new-models/stihl-rma-448-v-set-wak-30-s-battery-powered-lawn-mower-29381309b","https://www.westendpower.com/new-models/stihl-rma-448-v-set-wak-30-s-battery-powered-lawn-mower-29381309b","2"
"WA42 011 1430 US","RMA 453 PV","Unchanged","https://www.westendpower.com/new-models/stihl-rma-453-pv-set-battery-powered-lawn-mower-29381315b","https://www.westendpower.com/new-models/stihl-rma-453-pv-set-battery-powered-lawn-mower-29381315b","2"
"WA42 211 0000 US","RMA 453 PV","Unchanged","https://www.westendpower.com/new-models/stihl-rma-453-pv-set-battery-powered-lawn-mower-29381315b","https://www.westendpower.com/new-models/stihl-rma-453-pv-set-battery-powered-lawn-mower-29381315b","2"
"6372 011 1400 US","RMA 510","Unchanged","https://www.westendpower.com/new-models/stihl-rma-510-w-ap-300-s-a-battery-powered-lawn-mower-29381467b","https://www.westendpower.com/new-models/stihl-rma-510-w-ap-300-s-a-battery-powered-lawn-mower-29381467b","2"
"6372 200 0003","RMA 510","Unchanged","https://www.westendpower.com/new-models/stihl-rma-510-w-ap-300-s-a-battery-powered-lawn-mower-29381467b","https://www.westendpower.com/new-models/stihl-rma-510-w-ap-300-s-a-battery-powered-lawn-mower-29381467b","2"
"6372 200 0047","RAM 510","Missing","","","0"
"6372 011 1410 US","RMA 510 V","Unchanged","https://www.westendpower.com/new-models/stihl-rma-510-v-wap-300-battery-powered-lawn-mower-29381472b","https://www.westendpower.com/new-models/stihl-rma-510-v-wap-300-battery-powered-lawn-mower-29381472b","2"
"6372 200 0050","RMA 510 V","Unchanged","https://www.westendpower.com/new-models/stihl-rma-510-v-wap-300-battery-powered-lawn-mower-29381472b","https://www.westendpower.com/new-models/stihl-rma-510-v-wap-300-battery-powered-lawn-mower-29381472b","2"
"6372 200 0048","RMA 510 V","Unchanged","https://www.westendpower.com/new-models/stihl-rma-510-v-wap-300-battery-powered-lawn-mower-29381472b","https://www.westendpower.com/new-models/stihl-rma-510-v-wap-300-battery-powered-lawn-mower-29381472b","2"
"WA72 011 1403 US","RMA 7 RV","Unchanged","https://www.westendpower.com/new-models/stihl-rma-7-rv-set-battery-mulching-lawn-mower-29381477b","https://www.westendpower.com/new-models/stihl-rma-7-rv-set-battery-mulching-lawn-mower-29381477b","2"
"WA72 211 0000 US","RMA 7 RV","Unchanged","https://www.westendpower.com/new-models/stihl-rma-7-rv-set-battery-mulching-lawn-mower-29381477b","https://www.westendpower.com/new-models/stihl-rma-7-rv-set-battery-mulching-lawn-mower-29381477b","2"
"WA71 211 0000 US","RMA 756 V","Unchanged","https://www.westendpower.com/new-models/stihl-rma-756-v-unit-only-battery-powered-lawn-mower-29381479b","https://www.westendpower.com/new-models/stihl-rma-756-v-unit-only-battery-powered-lawn-mower-29381479b","1"
"6392 011 1415 US","RMA 765 V","Unchanged","https://www.westendpower.com/new-models/stihl-rma-765-v-unit-only-battery-powered-lawn-mower-29381483b","https://www.westendpower.com/new-models/stihl-rma-765-v-unit-only-battery-powered-lawn-mower-29381483b","1"
"6392 200 0022","RMA 765 V","Unchanged","https://www.westendpower.com/new-models/stihl-rma-765-v-unit-only-battery-powered-lawn-mower-29381483b","https://www.westendpower.com/new-models/stihl-rma-765-v-unit-only-battery-powered-lawn-mower-29381483b","1"
"SA03 011 7301 US","SEA 20","Unchanged","https://www.westendpower.com/new-models/stihl-sea-20-handheld-vacuum-set-wbattery-charger-29386529b","https://www.westendpower.com/new-models/stihl-sea-20-handheld-vacuum-set-wbattery-charger-29386529b","2"
"SA03 011 7311 US","SEA 20","Unchanged","https://www.westendpower.com/new-models/stihl-sea-20-handheld-vacuum-set-wbattery-charger-29386529b","https://www.westendpower.com/new-models/stihl-sea-20-handheld-vacuum-set-wbattery-charger-29386529b","2"
"SA04 011 7303 US","SEA 60","Unchanged","https://www.westendpower.com/new-models/stihl-sea-60-unit-only-battery-powered-wetdry-vacuum-29386530b","https://www.westendpower.com/new-models/stihl-sea-60-unit-only-battery-powered-wetdry-vacuum-29386530b","1"
"SA04 211 0000 US","SEA 60","Unchanged","https://www.westendpower.com/new-models/stihl-sea-60-unit-only-battery-powered-wetdry-vacuum-29386530b","https://www.westendpower.com/new-models/stihl-sea-60-unit-only-battery-powered-wetdry-vacuum-29386530b","1"
"SA04 011 7313 US","SEA 100","Unchanged","https://www.westendpower.com/new-models/stihl-sea-100-battery-vacuum-unit-only-wetdry-vacuum-29386534b","https://www.westendpower.com/new-models/stihl-sea-100-battery-vacuum-unit-only-wetdry-vacuum-29386534b","1"
"SA04 211 0002 US","SEA 100","Unchanged","https://www.westendpower.com/new-models/stihl-sea-100-battery-vacuum-unit-only-wetdry-vacuum-29386534b","https://www.westendpower.com/new-models/stihl-sea-100-battery-vacuum-unit-only-wetdry-vacuum-29386534b","1"
"KA03 211 0000 US","SFA 120","Missing","","","0"
"SA09 011 7011 US","SGA 30","Unchanged","https://www.westendpower.com/new-models/stihl-sga-30-battery-sprayer-set-wbattery-charger-29386381b","https://www.westendpower.com/new-models/stihl-sga-30-battery-sprayer-set-wbattery-charger-29386381b","1"
"SA10 011 7011 US","SGA 60","Unchanged","https://www.westendpower.com/new-models/stihl-sga-60-battery-sprayer-set-wbattery-charger-29386386b","https://www.westendpower.com/new-models/stihl-sga-60-battery-sprayer-set-wbattery-charger-29386386b","1"
"SA02 011 7101 US","SHA 56","Unchanged","https://www.westendpower.com/new-models/stihl-sha-56-unit-only-29386367b","https://www.westendpower.com/new-models/stihl-sha-56-unit-only-29386367b","1"
"SA02 200 0011","SHA 56","Unchanged","https://www.westendpower.com/new-models/stihl-sha-56-unit-only-29386367b","https://www.westendpower.com/new-models/stihl-sha-56-unit-only-29386367b","1"
"SA07 011 7101 US","SHA 140","Unchanged","https://www.westendpower.com/new-models/stihl-sha-140-unit-only-29386370b","https://www.westendpower.com/new-models/stihl-sha-140-unit-only-29386370b","1"
"4864 011 6621 US","TSA 230","Unchanged","https://www.westendpower.com/new-models/stihl-tsa-230-battery-stihl-cutquik-29385551b","https://www.westendpower.com/new-models/stihl-tsa-230-battery-stihl-cutquik-29385551b","1"
"TA02 011 6601 US","TSA 300","Unchanged","https://www.westendpower.com/new-models/stihl-tsa-300-stihl-cutquik-unit-only-29385556b","https://www.westendpower.com/new-models/stihl-tsa-300-stihl-cutquik-unit-only-29385556b","1"
"TA03 011 6601 US","TSA 350","Missing","","","0"
"TA01 011 6601 US","TSA 500","Unchanged","https://www.westendpower.com/new-models/stihl-tsa-500-battery-stihl-cutquik-unit-only-29385558b","https://www.westendpower.com/new-models/stihl-tsa-500-battery-stihl-cutquik-unit-only-29385558b","1"
"SA09 011 8511 US","WSA 40","Missing","","","0"
"4229 011 1722 US","BG 50","Unchanged","https://www.westendpower.com/new-models/stihl-bg-50-29386216b","https://www.westendpower.com/new-models/stihl-bg-50-29386216b","1"
"4241 011 1755 US","BG 56 C-E","Unchanged","https://www.westendpower.com/new-models/stihl-bg-56-c-e-29386218b","https://www.westendpower.com/new-models/stihl-bg-56-c-e-29386218b","1"
"4241 011 1763 US","BG 86","Unchanged","https://www.westendpower.com/new-models/stihl-bg-86-29386247b","https://www.westendpower.com/new-models/stihl-bg-86-29386247b","1"
"4241 011 1764 US","BG 86 C-E","Unchanged","https://www.westendpower.com/new-models/stihl-bg-86-c-e-29386280b","https://www.westendpower.com/new-models/stihl-bg-86-c-e-29386280b","1"
"4241 011 1606 US","BR 200","Unchanged","https://www.westendpower.com/new-models/stihl-br-200-29386311b","https://www.westendpower.com/new-models/stihl-br-200-29386311b","1"
"4244 011 1621 US","BR 430","Missing","","","0"
"4244 011 1634 US","BR 450","Unchanged","https://www.westendpower.com/new-models/stihl-br-450-29386331b","https://www.westendpower.com/new-models/stihl-br-450-29386331b","1"
"4282 011 1632 US","BR 600","Unchanged","https://www.westendpower.com/new-models/stihl-br-600-29386337b","https://www.westendpower.com/new-models/stihl-br-600-29386337b","1"
"4282 011 1638 US","BR 700","Unchanged","https://www.westendpower.com/new-models/stihl-br-700-29386340b","https://www.westendpower.com/new-models/stihl-br-700-29386340b","1"
"4283 011 1610 US","BR 800 X","Unchanged","https://www.westendpower.com/new-models/stihl-br-800-x-magnum-29386245b","https://www.westendpower.com/new-models/stihl-br-800-x-magnum-29386245b","1"
"4283 011 1600 US","BR 800 C-E","Unchanged","https://www.westendpower.com/new-models/stihl-br-800-c-e-magnum-29386236b","https://www.westendpower.com/new-models/stihl-br-800-c-e-magnum-29386236b","1"
"4314 200 0004 US","BT 45","Unchanged","https://www.westendpower.com/new-models/stihl-bt-45-wood-boring-drill-29386480b","https://www.westendpower.com/new-models/stihl-bt-45-wood-boring-drill-29386480b","2"
"4314 200 0003 US","BT 45","Unchanged","https://www.westendpower.com/new-models/stihl-bt-45-wood-boring-drill-29386480b","https://www.westendpower.com/new-models/stihl-bt-45-wood-boring-drill-29386480b","2"
"4313 011 2121 US","BT 131","Unchanged","https://www.westendpower.com/new-models/stihl-bt-131-earth-auger-29386469b","https://www.westendpower.com/new-models/stihl-bt-131-earth-auger-29386469b","1"
"4144 011 1908 US","FC 56 C-E","Unchanged","https://www.westendpower.com/new-models/stihl-fc-56-c-e-gasoline-edger-29386290b","https://www.westendpower.com/new-models/stihl-fc-56-c-e-gasoline-edger-29386290b","1"
"4144 011 1910 US","FC 70","Unchanged","https://www.westendpower.com/new-models/stihl-fc-70-gasoline-edger-29386293b","https://www.westendpower.com/new-models/stihl-fc-70-gasoline-edger-29386293b","1"
"4180 011 1913 US","FC 91","Unchanged","https://www.westendpower.com/new-models/stihl-fc-91-29411227b","https://www.westendpower.com/new-models/stihl-fc-91-29411227b","1"
"4180 011 1914 US","FC 96","Unchanged","https://www.westendpower.com/new-models/stihl-fc-96-gasoline-edger-29386298b","https://www.westendpower.com/new-models/stihl-fc-96-gasoline-edger-29386298b","1"
"4180 011 1915 US","FC 111","Unchanged","https://www.westendpower.com/new-models/stihl-fc-111-gasoline-edger-29386301b","https://www.westendpower.com/new-models/stihl-fc-111-gasoline-edger-29386301b","1"
"4140 012 2368 US","FS 38","Unchanged","https://www.westendpower.com/new-models/stihl-fs-38-gasoline-grass-trimmer-29385620b","https://www.westendpower.com/new-models/stihl-fs-38-gasoline-grass-trimmer-29385620b","1"
"4144 011 2307 US","FS 40 C-E","Unchanged","https://www.westendpower.com/new-models/stihl-fs-40-c-e-29386044b","https://www.westendpower.com/new-models/stihl-fs-40-c-e-29386044b","1"
"4144 011 2349 US","FS 50 C-E","Unchanged","https://www.westendpower.com/new-models/stihl-fs-50-c-e-29386048b","https://www.westendpower.com/new-models/stihl-fs-50-c-e-29386048b","1"
"4144 200 0013 US","FS 56 RC-E","Unchanged","https://www.westendpower.com/new-models/stihl-fs-56-rc-e-gasoline-grass-trimmer-29385616b","https://www.westendpower.com/new-models/stihl-fs-56-rc-e-gasoline-grass-trimmer-29385616b","1"
"4144 200 0219 US","FS 56 C-E","Unchanged","https://www.westendpower.com/new-models/stihl-fs-56-c-e-29386181b","https://www.westendpower.com/new-models/stihl-fs-56-c-e-29386181b","1"
"4144 200 0137 US","FS 70 R","Unchanged","https://www.westendpower.com/new-models/stihl-fs-70-r-29386053b","https://www.westendpower.com/new-models/stihl-fs-70-r-29386053b","1"
"4180 200 0506 US","FS 91 R","Unchanged","https://www.westendpower.com/new-models/stihl-fs-91-r-gasoline-grass-trimmer-29385626b","https://www.westendpower.com/new-models/stihl-fs-91-r-gasoline-grass-trimmer-29385626b","1"
"4149 200 0061 US","FS 94 R","Unchanged","https://www.westendpower.com/new-models/stihl-fs-94-r-29386057b","https://www.westendpower.com/new-models/stihl-fs-94-r-29386057b","1"
"4180 200 0510 US","FS 111 RX","Unchanged","https://www.westendpower.com/new-models/stihl-fs-111-rx-29386101b","https://www.westendpower.com/new-models/stihl-fs-111-rx-29386101b","1"
"4180 200 0509 US","FS 111 R","Unchanged","https://www.westendpower.com/new-models/stihl-fs-111-r-29386090b","https://www.westendpower.com/new-models/stihl-fs-111-r-29386090b","1"
"4180 200 0777 US","FS 131 R","Unchanged","https://www.westendpower.com/new-models/stihl-fs-131-r-29386106b","https://www.westendpower.com/new-models/stihl-fs-131-r-29386106b","1"
"4147 200 0645 US","FS 461 C-EM","Unchanged","https://www.westendpower.com/new-models/stihl-fs-461-c-em-autocut-29386195b","https://www.westendpower.com/new-models/stihl-fs-461-c-em-autocut-29386195b","2"
"4147 200 0646 US","FS 461 C-EM","Unchanged","https://www.westendpower.com/new-models/stihl-fs-461-c-em-autocut-29386195b","https://www.westendpower.com/new-models/stihl-fs-461-c-em-autocut-29386195b","2"
"4148 200 0225 US","FS 561 C-EM","Unchanged","https://www.westendpower.com/new-models/stihl-fs-561-c-em-29386197b","https://www.westendpower.com/new-models/stihl-fs-561-c-em-29386197b","1"
"4252 200 0065","GS 461","Unchanged","https://www.westendpower.com/new-models/stihl-gs-461-rock-boss-wgpd-abbrasive-chain-29385600b","https://www.westendpower.com/new-models/stihl-gs-461-rock-boss-wgpd-abbrasive-chain-29385600b","2"
"4252 200 0050","GS 461","Unchanged","https://www.westendpower.com/new-models/stihl-gs-461-rock-boss-wgpd-abbrasive-chain-29385600b","https://www.westendpower.com/new-models/stihl-gs-461-rock-boss-wgpd-abbrasive-chain-29385600b","2"
"4252 200 0035","GS 461","Unchanged","https://www.westendpower.com/new-models/stihl-gs-461-rock-boss-wgpd-abbrasive-chain-29385600b","https://www.westendpower.com/new-models/stihl-gs-461-rock-boss-wgpd-abbrasive-chain-29385600b","2"
"4236 200 0000 US","HL 56K","Unchanged","https://www.westendpower.com/new-models/stihl-hl-56-k-0-gasoline-extended-reach-hedge-trimmer-29386219b","https://www.westendpower.com/new-models/stihl-hl-56-k-0-gasoline-extended-reach-hedge-trimmer-29386219b","1"
"4243 200 0020 US","HL 91 K","Unchanged","https://www.westendpower.com/new-models/stihl-hl-91-k-0-gasoline-extended-reach-hedge-trimmer-29386224b","https://www.westendpower.com/new-models/stihl-hl-91-k-0-gasoline-extended-reach-hedge-trimmer-29386224b","1"
"4243 200 0018 US","HL 94 K","Unchanged","https://www.westendpower.com/new-models/stihl-hl-94-k-0-gasoline-extended-reach-hedge-trimmer-29386240b","https://www.westendpower.com/new-models/stihl-hl-94-k-0-gasoline-extended-reach-hedge-trimmer-29386240b","2"
"4243 200 0017 US","HL 94 K","Unchanged","https://www.westendpower.com/new-models/stihl-hl-94-k-0-gasoline-extended-reach-hedge-trimmer-29386240b","https://www.westendpower.com/new-models/stihl-hl-94-k-0-gasoline-extended-reach-hedge-trimmer-29386240b","2"
"4243 200 0025 US","HL 94","Unchanged","https://www.westendpower.com/new-models/stihl-hl-94-145-gasoline-extended-reach-hedge-trimmer-29386227b","https://www.westendpower.com/new-models/stihl-hl-94-145-gasoline-extended-reach-hedge-trimmer-29386227b","1"
"4228 011 2944 US","HS 45","Unchanged","https://www.westendpower.com/new-models/stihl-hs-45-gasoline-hedge-trimmer-29385690b","https://www.westendpower.com/new-models/stihl-hs-45-gasoline-hedge-trimmer-29385690b","1"
"4242 011 2906 US","HS 46 C-E","Unchanged","https://www.westendpower.com/new-models/stihl-hs-46-c-e-gasoline-hedge-trimmer-29386212b","https://www.westendpower.com/new-models/stihl-hs-46-c-e-gasoline-hedge-trimmer-29386212b","1"
"4242 011 2908 US","HS 56","Unchanged","https://www.westendpower.com/new-models/stihl-hs-56-gasoline-hedge-trimmer-29385691b","https://www.westendpower.com/new-models/stihl-hs-56-gasoline-hedge-trimmer-29385691b","1"
"4237 011 2980 US","HS 82 R","Missing","","","0"
"4237 011 2981 US","HS 82 R","Missing","","","0"
"4237 011 2987 US","HS 82 T","Unchanged","https://www.westendpower.com/new-models/stihl-hs-82-t-30-in-blade-gasoline-hedge-trimmer-29386211b","https://www.westendpower.com/new-models/stihl-hs-82-t-30-in-blade-gasoline-hedge-trimmer-29386211b","4"
"4237 011 2988 US","HS 82 T","Unchanged","https://www.westendpower.com/new-models/stihl-hs-82-t-30-in-blade-gasoline-hedge-trimmer-29386211b","https://www.westendpower.com/new-models/stihl-hs-82-t-30-in-blade-gasoline-hedge-trimmer-29386211b","4"
"4237 011 2992 US","HS 87 R","Unchanged","https://www.westendpower.com/new-models/stihl-hs-87-r-30-in-blade-gasoline-hedge-trimmer-29386200b","https://www.westendpower.com/new-models/stihl-hs-87-r-30-in-blade-gasoline-hedge-trimmer-29386200b","1"
"4237 011 2997 US","HS 87 T","Unchanged","https://www.westendpower.com/new-models/stihl-hs-87-t-40-in-blade-gasoline-hedge-trimmer-29386199b","https://www.westendpower.com/new-models/stihl-hs-87-t-40-in-blade-gasoline-hedge-trimmer-29386199b","2"
"4237 011 2998 US","HS 87 T","Unchanged","https://www.westendpower.com/new-models/stihl-hs-87-t-40-in-blade-gasoline-hedge-trimmer-29386199b","https://www.westendpower.com/new-models/stihl-hs-87-t-40-in-blade-gasoline-hedge-trimmer-29386199b","2"
"4139 200 0011 US","HT 56 C-E","Unchanged","https://www.westendpower.com/new-models/stihl-ht-56-c-e-gasoline-pole-pruner-29385025b","https://www.westendpower.com/new-models/stihl-ht-56-c-e-gasoline-pole-pruner-29385025b","1"
"4182 200 0195 US","HS 105","Missing","","","0"
"4182 200 0196 US","HT 134","Unchanged","https://www.westendpower.com/new-models/stihl-ht-134-gasoline-pole-pruner-29385062b","https://www.westendpower.com/new-models/stihl-ht-134-gasoline-pole-pruner-29385062b","1"
"4182 200 0201 US","HT 135","Unchanged","https://www.westendpower.com/new-models/stihl-ht-135-gasoline-pole-pruner-29385037b","https://www.westendpower.com/new-models/stihl-ht-135-gasoline-pole-pruner-29385037b","1"
"4134 200 0457 US","HT 250","Unchanged","https://www.westendpower.com/new-models/stihl-ht-250-gasoline-pole-pruner-29385064b","https://www.westendpower.com/new-models/stihl-ht-250-gasoline-pole-pruner-29385064b","1"
"4144 200 0017 US","KM 56 RC-E","Unchanged","https://www.westendpower.com/new-models/stihl-km-56-rc-e-gasoline-kombisystem-29386355b","https://www.westendpower.com/new-models/stihl-km-56-rc-e-gasoline-kombisystem-29386355b","1"
"4180 200 0503 US","KM 91 R","Unchanged","https://www.westendpower.com/new-models/stihl-km-91-r-gasoline-kombisystem-29386365b","https://www.westendpower.com/new-models/stihl-km-91-r-gasoline-kombisystem-29386365b","1"
"4149 200 0062 US","KM 94 R","Unchanged","https://www.westendpower.com/new-models/stihl-km-94-r-gasoline-kombisystem-29386357b","https://www.westendpower.com/new-models/stihl-km-94-r-gasoline-kombisystem-29386357b","1"
"4180 200 0505 US","KM 131 R","Unchanged","https://www.westendpower.com/new-models/stihl-km-131-r-gasoline-kombisystem-29386361b","https://www.westendpower.com/new-models/stihl-km-131-r-gasoline-kombisystem-29386361b","1"
"4604 011 5403 US","MM 56 C-E","Unchanged","https://www.westendpower.com/new-models/stihl-mm-56-c-e-stihl-yard-boss-multiengine-29386364b","https://www.westendpower.com/new-models/stihl-mm-56-c-e-stihl-yard-boss-multiengine-29386364b","1"
"4604 200 0004","MM 56 C-E","Unchanged","https://www.westendpower.com/new-models/stihl-mm-56-c-e-stihl-yard-boss-multiengine-29386364b","https://www.westendpower.com/new-models/stihl-mm-56-c-e-stihl-yard-boss-multiengine-29386364b","1"
"4789 012 4606 US","RB 200","Unchanged","https://www.westendpower.com/new-models/stihl-rb-200-29386532b","https://www.westendpower.com/new-models/stihl-rb-200-29386532b","1"
"4790 012 4600 US","RB 400","Unchanged","https://www.westendpower.com/new-models/stihl-rb-400-dirt-boss-29386536b","https://www.westendpower.com/new-models/stihl-rb-400-dirt-boss-29386536b","1"
"4791 012 4600 US","RB 600","Unchanged","https://www.westendpower.com/new-models/stihl-rb-600-29386539b","https://www.westendpower.com/new-models/stihl-rb-600-29386539b","1"
"4792 012 4600 US","RB 800","Unchanged","https://www.westendpower.com/new-models/stihl-rb-800-29386541b","https://www.westendpower.com/new-models/stihl-rb-800-29386541b","1"
"WB42 011 3420 US","RM 453 T","Unchanged","https://www.westendpower.com/new-models/stihl-rm-453-t-gasoline-lawn-mower-29380934b","https://www.westendpower.com/new-models/stihl-rm-453-t-gasoline-lawn-mower-29380934b","1"
"WB42 011 3431 US","RM 453 V","Unchanged","https://www.westendpower.com/new-models/stihl-rm-453-v-gasoline-lawn-mower-29380935b","https://www.westendpower.com/new-models/stihl-rm-453-v-gasoline-lawn-mower-29380935b","1"
"WB42 011 3430 US","RM 453 V","Unchanged","https://www.westendpower.com/new-models/stihl-rm-453-v-gasoline-lawn-mower-29380935b","https://www.westendpower.com/new-models/stihl-rm-453-v-gasoline-lawn-mower-29380935b","1"
"6374 011 3450 US","RM 655 V","Unchanged","https://www.westendpower.com/new-models/stihl-rm-655-v-gasoline-lawn-mower-29381320b","https://www.westendpower.com/new-models/stihl-rm-655-v-gasoline-lawn-mower-29381320b","1"
"6374 011 3451 US","RM 655 VS","Unchanged","https://www.westendpower.com/new-models/stihl-rm-655-vs-gasoline-lawn-mower-29381321b","https://www.westendpower.com/new-models/stihl-rm-655-vs-gasoline-lawn-mower-29381321b","1"
"6374 011 3452 US","RM 655 YS","Unchanged","https://www.westendpower.com/new-models/stihl-rm-655-ys-gasoline-lawn-mower-29381317b","https://www.westendpower.com/new-models/stihl-rm-655-ys-gasoline-lawn-mower-29381317b","1"
"6378 011 3440 US","RM 765 YC","Missing","","","0"
"4247 019 4902","SG 20","Unchanged","https://www.westendpower.com/new-models/stihl-sg-20-29386397b","https://www.westendpower.com/new-models/stihl-sg-20-29386397b","1"
"4241 011 0934 US","SH 56 C-E","Unchanged","https://www.westendpower.com/new-models/stihl-sh-56-c-e-29386372b","https://www.westendpower.com/new-models/stihl-sh-56-c-e-29386372b","1"
"4241 011 0939 US","SH 86 C-E","Unchanged","https://www.westendpower.com/new-models/stihl-sh-86-c-e-29386374b","https://www.westendpower.com/new-models/stihl-sh-86-c-e-29386374b","1"
"4241 011 2602 US","SR 200","Unchanged","https://www.westendpower.com/new-models/stihl-sr-200-29386443b","https://www.westendpower.com/new-models/stihl-sr-200-29386443b","1"
"4244 011 2601 US","SR 430","Unchanged","https://www.westendpower.com/new-models/stihl-sr-430-29386448b","https://www.westendpower.com/new-models/stihl-sr-430-29386448b","1"
"4244 011 2643 US","SR 450","Unchanged","https://www.westendpower.com/new-models/stihl-sr-450-29386457b","https://www.westendpower.com/new-models/stihl-sr-450-29386457b","1"
"4238 011 2823 US","TS 410","Unchanged","https://www.westendpower.com/new-models/stihl-ts-410-stihl-cutquik-29385454b","https://www.westendpower.com/new-models/stihl-ts-410-stihl-cutquik-29385454b","1"
"4238 011 2821 US","TS 420","Unchanged","https://www.westendpower.com/new-models/stihl-ts-420-stihl-cutquik-29385459b","https://www.westendpower.com/new-models/stihl-ts-420-stihl-cutquik-29385459b","1"
"4238 011 2828 US","TS 440","Unchanged","https://www.westendpower.com/new-models/stihl-ts-440-stihl-cutquik-29385562b","https://www.westendpower.com/new-models/stihl-ts-440-stihl-cutquik-29385562b","1"
"4250 011 2811 US","TS 500 i","Unchanged","https://www.westendpower.com/new-models/stihl-ts-500i-stihl-cutquik-29385462b","https://www.westendpower.com/new-models/stihl-ts-500i-stihl-cutquik-29385462b","1"
"TB01 011 2801 US","TS 710 i","Unchanged","https://www.westendpower.com/new-models/stihl-ts-710i-stihl-cutquik-29385488b","https://www.westendpower.com/new-models/stihl-ts-710i-stihl-cutquik-29385488b","1"
"TB01 011 2821 US","TS 910 i","Unchanged","https://www.westendpower.com/new-models/stihl-ts-910i-stihl-cutquik-29385547b","https://www.westendpower.com/new-models/stihl-ts-910i-stihl-cutquik-29385547b","1"
"VB03 011 2010 US","WP 300","Missing","","","0"
"VB04 011 2010 US","WP 600","Missing","","","0"
"VB05 011 2010 US","WP 900","Missing","","","0"
"IA01 011 1413 US","iMow 5.0 EVO","Missing","","","0"
"IA01 011 1447 US","iMow 6.0 EVO","Missing","","","0"
"IA01 011 1477 US","iMow 7.0 EVO","Missing","","","0"
"WB01 011 3605 US","RZ 152","Unchanged","https://www.westendpower.com/new-models/stihl-rz-152-gasoline-zero-turn-mower-29380680b","https://www.westendpower.com/new-models/stihl-rz-152-gasoline-zero-turn-mower-29380680b","1"
"WB02 011 3610 US","RZ 261","Unchanged","https://www.westendpower.com/new-models/stihl-rz-261-gasoline-zero-turn-mower-29380693b","https://www.westendpower.com/new-models/stihl-rz-261-gasoline-zero-turn-mower-29380693b","1"
"WB03 011 3600 US","RZ 552","Unchanged","https://www.westendpower.com/new-models/stihl-rz-552-k-gasoline-zero-turn-mower-29380717b","https://www.westendpower.com/new-models/stihl-rz-552-k-gasoline-zero-turn-mower-29380717b","2"
"WB03 011 3610 US","RZ 560","Unchanged","https://www.westendpower.com/new-models/stihl-rz-560-gasoline-zero-turn-mower-29380720b","https://www.westendpower.com/new-models/stihl-rz-560-gasoline-zero-turn-mower-29380720b","1"
"WB03 011 3611 US","RZ 560 K","Unchanged","https://www.westendpower.com/new-models/stihl-rz-560-k-gasoline-zero-turn-mower-29380724b","https://www.westendpower.com/new-models/stihl-rz-560-k-gasoline-zero-turn-mower-29380724b","1"
"WB04 011 3600 US","RZ 752 i","Unchanged","https://www.westendpower.com/new-models/stihl-rz-752i-k-gasoline-zero-turn-mower-29380731b","https://www.westendpower.com/new-models/stihl-rz-752i-k-gasoline-zero-turn-mower-29380731b","2"
"WB04 011 3607 US","RZ 752 K","Unchanged","https://www.westendpower.com/new-models/stihl-rz-752-k-gasoline-zero-turn-mower-29380732b","https://www.westendpower.com/new-models/stihl-rz-752-k-gasoline-zero-turn-mower-29380732b","1"
"WB04 011 3605 US","RZ 752 Ki","Missing","","","0"
"WB04 011 3610 US","RZ 760 i","Missing","","","0"
"WB04 011 3615 US","RZ 760 Ki","Missing","","","0"
"WB05 011 3600 US","RZ 960 i","Missing","","","0"
"WB05 011 3605 US","RZ 960 Ki","Missing","","","0"
"WB05 011 3610 US","RZ 972 i","Missing","","","0"
"WB05 011 3615 US","RZ 972 Ki","Missing","","","0"
"WB01 011 3600 US","RZ 142","Unchanged","https://www.westendpower.com/new-models/stihl-rz-142-gasoline-zero-turn-mower-29380634b","https://www.westendpower.com/new-models/stihl-rz-142-gasoline-zero-turn-mower-29380634b","1"
"4811 011 1513 US","BGE 61","Unchanged","https://www.westendpower.com/new-models/stihl-bge-61-29386375b","https://www.westendpower.com/new-models/stihl-bge-61-29386375b","1"
"4811 011 1540 US","BGE 71","Unchanged","https://www.westendpower.com/new-models/stihl-bge-71-29386378b","https://www.westendpower.com/new-models/stihl-bge-71-29386378b","1"
"4809 011 4130 US","FSE 60","Unchanged","https://www.westendpower.com/new-models/stihl-fse-60-29386203b","https://www.westendpower.com/new-models/stihl-fse-60-29386203b","1"
"4818 011 3535 US","HSE 52","Missing","","","0"
"4812 011 3541 US","HSE 70","Unchanged","https://www.westendpower.com/new-models/stihl-hse-70-corded-electric-hedge-trimmer-29386244b","https://www.westendpower.com/new-models/stihl-hse-70-corded-electric-hedge-trimmer-29386244b","1"
"1209 222 4500","MSE 170 C-BQ","Missing","","","0"
"1209 222 4501","MSE 170 C-BQ","Missing","","","0"
"1209 200 0060","MSE 170 C-BQ","Missing","","","0"
"1210 200 0031","MSE 250 C-Q","Missing","","","0"
"1210 200 0020","MSE 250 C-Q","Missing","","","0"
"1210 200 0021","MSE 250 C-Q","Missing","","","0"
"RE02 011 4511 US","RE 80","Unchanged","https://www.westendpower.com/new-models/stihl-re-80-29386518b","https://www.westendpower.com/new-models/stihl-re-80-29386518b","1"
"RE02 011 4523 US","RE 90","Unchanged","https://www.westendpower.com/new-models/stihl-re-90-plus-29386522b","https://www.westendpower.com/new-models/stihl-re-90-plus-29386522b","1"
"RE02 011 4555 US","RE 100","Unchanged","https://www.westendpower.com/new-models/stihl-re-100-plus-control-29386525b","https://www.westendpower.com/new-models/stihl-re-100-plus-control-29386525b","1"
"4950 011 4537 US","RE 110","Unchanged","https://www.westendpower.com/new-models/stihl-re-110-plus-29386528b","https://www.westendpower.com/new-models/stihl-re-110-plus-29386528b","1"
"SE01 012 4410 US","SE 33","Unchanged","https://www.westendpower.com/new-models/stihl-se-33-corded-vacuum-29386542b","https://www.westendpower.com/new-models/stihl-se-33-corded-vacuum-29386542b","1"
"4784 012 4406 US","SE 62","Unchanged","https://www.westendpower.com/new-models/stihl-se-62-corded-vacuum-29386544b","https://www.westendpower.com/new-models/stihl-se-62-corded-vacuum-29386544b","1"
"4774 012 4407 US","SE 122","Unchanged","https://www.westendpower.com/new-models/stihl-se-122-corded-vacuum-29386545b","https://www.westendpower.com/new-models/stihl-se-122-corded-vacuum-29386545b","1"
"UA01 011 9202 US","BTA 140","Missing","","","0"
"FA08 011 7810 US","FCA 80","Unchanged","https://www.westendpower.com/new-models/stihl-fca-80-battery-edger-set-wbattery-charger-29386288b","https://www.westendpower.com/new-models/stihl-fca-80-battery-edger-set-wbattery-charger-29386288b","2"
"FA02 011 7802 US","FCA 135","Unchanged","https://www.westendpower.com/new-models/stihl-fca-135-unit-only-battery-powered-edger-29386302b","https://www.westendpower.com/new-models/stihl-fca-135-unit-only-battery-powered-edger-29386302b","1"
"FA02 011 7800 US","FCA 140","Unchanged","https://www.westendpower.com/new-models/stihl-fca-140-unit-only-battery-powered-edger-29386306b","https://www.westendpower.com/new-models/stihl-fca-140-unit-only-battery-powered-edger-29386306b","1"
"4867 011 5721 US","FSA 130 R","Inactive","","","0"
"4244 011 1608 US","BR 350","Unchanged","https://www.westendpower.com/new-models/stihl-br-350-29386317b","https://www.westendpower.com/new-models/stihl-br-350-29386317b","1"
"4282 011 1641 US","BR 700 X","Missing","","","0"
"4180 200 0504 US","KM 111 R","Unchanged","https://www.westendpower.com/new-models/stihl-km-111-r-gasoline-kombisystem-29386360b","https://www.westendpower.com/new-models/stihl-km-111-r-gasoline-kombisystem-29386360b","1"
"1146 200 0062","MS 151 C-E","Unchanged","https://www.westendpower.com/new-models/stihl-ms-151-c-e-gasoline-chainsaw-29381779b","https://www.westendpower.com/new-models/stihl-ms-151-c-e-gasoline-chainsaw-29381779b","1"
"1146 200 0061","MS 151 TC-E","Unchanged","https://www.westendpower.com/new-models/stihl-ms-151-t-c-e-12-71-pm3-64-29381776b","https://www.westendpower.com/new-models/stihl-ms-151-t-c-e-12-71-pm3-64-29381776b","2"
"1148 200 0212 US","MS 162","Unchanged","https://www.westendpower.com/new-models/stihl-ms-162-gasoline-chainsaw-29381522b","https://www.westendpower.com/new-models/stihl-ms-162-gasoline-chainsaw-29381522b","1"
"1148 200 0213 US","MS 172 C-E","Unchanged","https://www.westendpower.com/new-models/stihl-ms-172-c-e-gasoline-chainsaw-29381539b","https://www.westendpower.com/new-models/stihl-ms-172-c-e-gasoline-chainsaw-29381539b","1"
"1148 200 0216 US","MS 182","Unchanged","https://www.westendpower.com/new-models/stihl-ms-182-gasoline-chainsaw-29381548b","https://www.westendpower.com/new-models/stihl-ms-182-gasoline-chainsaw-29381548b","1"
"1148 200 0215 US","MS 182 C-BE","Unchanged","https://www.westendpower.com/new-models/stihl-ms-182-c-be-gasoline-chainsaw-29381555b","https://www.westendpower.com/new-models/stihl-ms-182-c-be-gasoline-chainsaw-29381555b","1"
"1137 200 0355","MS 194 C-E","Unchanged","https://www.westendpower.com/new-models/stihl-ms-194-c-e-16-in-bar-with-61-pmm3-55-29382274b","https://www.westendpower.com/new-models/stihl-ms-194-c-e-16-in-bar-with-61-pmm3-55-29382274b","9"
"1137 200 0354","MS 194 C-E","Unchanged","https://www.westendpower.com/new-models/stihl-ms-194-c-e-16-in-bar-with-61-pmm3-55-29382274b","https://www.westendpower.com/new-models/stihl-ms-194-c-e-16-in-bar-with-61-pmm3-55-29382274b","9"
"1137 200 0356","MS 194 C-E","Unchanged","https://www.westendpower.com/new-models/stihl-ms-194-c-e-16-in-bar-with-61-pmm3-55-29382274b","https://www.westendpower.com/new-models/stihl-ms-194-c-e-16-in-bar-with-61-pmm3-55-29382274b","9"
"1137 200 0362","MS 194 C-E","Unchanged","https://www.westendpower.com/new-models/stihl-ms-194-c-e-16-in-bar-with-61-pmm3-55-29382274b","https://www.westendpower.com/new-models/stihl-ms-194-c-e-16-in-bar-with-61-pmm3-55-29382274b","9"
"1137 200 0357","MS 194 C-E","Unchanged","https://www.westendpower.com/new-models/stihl-ms-194-c-e-16-in-bar-with-61-pmm3-55-29382274b","https://www.westendpower.com/new-models/stihl-ms-194-c-e-16-in-bar-with-61-pmm3-55-29382274b","9"
"1137 200 0401","MS 194 C-E","Unchanged","https://www.westendpower.com/new-models/stihl-ms-194-c-e-16-in-bar-with-61-pmm3-55-29382274b","https://www.westendpower.com/new-models/stihl-ms-194-c-e-16-in-bar-with-61-pmm3-55-29382274b","9"
"1137 200 0358","MS 194 C-E","Unchanged","https://www.westendpower.com/new-models/stihl-ms-194-c-e-16-in-bar-with-61-pmm3-55-29382274b","https://www.westendpower.com/new-models/stihl-ms-194-c-e-16-in-bar-with-61-pmm3-55-29382274b","9"
"1137 200 0373","MS 194 C-E","Unchanged","https://www.westendpower.com/new-models/stihl-ms-194-c-e-16-in-bar-with-61-pmm3-55-29382274b","https://www.westendpower.com/new-models/stihl-ms-194-c-e-16-in-bar-with-61-pmm3-55-29382274b","9"
"1137 200 0359","MS 194 C-E","Unchanged","https://www.westendpower.com/new-models/stihl-ms-194-c-e-16-in-bar-with-61-pmm3-55-29382274b","https://www.westendpower.com/new-models/stihl-ms-194-c-e-16-in-bar-with-61-pmm3-55-29382274b","9"
"1137 200 0360","MS 194 C-E","Unchanged","https://www.westendpower.com/new-models/stihl-ms-194-c-e-16-in-bar-with-61-pmm3-55-29382274b","https://www.westendpower.com/new-models/stihl-ms-194-c-e-16-in-bar-with-61-pmm3-55-29382274b","9"
"1137 200 0391","MS 194 T","Unchanged","https://www.westendpower.com/new-models/stihl-ms-194-t-12-picco-micro-38-61-pmm3-44-29382241b","https://www.westendpower.com/new-models/stihl-ms-194-t-12-picco-micro-38-61-pmm3-44-29382241b","12"
"1137 200 0349","MS 194 T","Unchanged","https://www.westendpower.com/new-models/stihl-ms-194-t-12-picco-micro-38-61-pmm3-44-29382241b","https://www.westendpower.com/new-models/stihl-ms-194-t-12-picco-micro-38-61-pmm3-44-29382241b","12"
"1137 200 0350","MS 194 T","Unchanged","https://www.westendpower.com/new-models/stihl-ms-194-t-12-picco-micro-38-61-pmm3-44-29382241b","https://www.westendpower.com/new-models/stihl-ms-194-t-12-picco-micro-38-61-pmm3-44-29382241b","12"
"1137 200 0352","MS 194 T","Unchanged","https://www.westendpower.com/new-models/stihl-ms-194-t-12-picco-micro-38-61-pmm3-44-29382241b","https://www.westendpower.com/new-models/stihl-ms-194-t-12-picco-micro-38-61-pmm3-44-29382241b","12"
"1137 200 0353","MS 194 T","Unchanged","https://www.westendpower.com/new-models/stihl-ms-194-t-12-picco-micro-38-61-pmm3-44-29382241b","https://www.westendpower.com/new-models/stihl-ms-194-t-12-picco-micro-38-61-pmm3-44-29382241b","12"
"1137 200 0374","MS 194 T","Unchanged","https://www.westendpower.com/new-models/stihl-ms-194-t-12-picco-micro-38-61-pmm3-44-29382241b","https://www.westendpower.com/new-models/stihl-ms-194-t-12-picco-micro-38-61-pmm3-44-29382241b","12"
"1137 200 0402","MS 194 T","Unchanged","https://www.westendpower.com/new-models/stihl-ms-194-t-12-picco-micro-38-61-pmm3-44-29382241b","https://www.westendpower.com/new-models/stihl-ms-194-t-12-picco-micro-38-61-pmm3-44-29382241b","12"
"1137 200 0346","MS 194 T","Unchanged","https://www.westendpower.com/new-models/stihl-ms-194-t-12-picco-micro-38-61-pmm3-44-29382241b","https://www.westendpower.com/new-models/stihl-ms-194-t-12-picco-micro-38-61-pmm3-44-29382241b","12"
"1137 200 0345","MS 194 T","Unchanged","https://www.westendpower.com/new-models/stihl-ms-194-t-12-picco-micro-38-61-pmm3-44-29382241b","https://www.westendpower.com/new-models/stihl-ms-194-t-12-picco-micro-38-61-pmm3-44-29382241b","12"
"1137 200 0344","MS 194 T","Unchanged","https://www.westendpower.com/new-models/stihl-ms-194-t-12-picco-micro-38-61-pmm3-44-29382241b","https://www.westendpower.com/new-models/stihl-ms-194-t-12-picco-micro-38-61-pmm3-44-29382241b","12"
"1137 200 0403","MS 194 T","Unchanged","https://www.westendpower.com/new-models/stihl-ms-194-t-12-picco-micro-38-61-pmm3-44-29382241b","https://www.westendpower.com/new-models/stihl-ms-194-t-12-picco-micro-38-61-pmm3-44-29382241b","12"
"1145 200 0288","MS 201 C-EM","Unchanged","https://www.westendpower.com/new-models/stihl-ms-201-c-em-14-lw-bar-picco-micro-38-63-pm-29382517b","https://www.westendpower.com/new-models/stihl-ms-201-c-em-14-lw-bar-picco-micro-38-63-pm-29382517b","10"
"1145 200 0286","MS 201 C-EM","Unchanged","https://www.westendpower.com/new-models/stihl-ms-201-c-em-14-lw-bar-picco-micro-38-63-pm-29382517b","https://www.westendpower.com/new-models/stihl-ms-201-c-em-14-lw-bar-picco-micro-38-63-pm-29382517b","10"
"1145 200 0287","MS 201 C-EM","Unchanged","https://www.westendpower.com/new-models/stihl-ms-201-c-em-14-lw-bar-picco-micro-38-63-pm-29382517b","https://www.westendpower.com/new-models/stihl-ms-201-c-em-14-lw-bar-picco-micro-38-63-pm-29382517b","10"
"1145 200 0291","MS 201 C-EM","Unchanged","https://www.westendpower.com/new-models/stihl-ms-201-c-em-14-lw-bar-picco-micro-38-63-pm-29382517b","https://www.westendpower.com/new-models/stihl-ms-201-c-em-14-lw-bar-picco-micro-38-63-pm-29382517b","10"
"1145 200 0289","MS 201 C-EM","Unchanged","https://www.westendpower.com/new-models/stihl-ms-201-c-em-14-lw-bar-picco-micro-38-63-pm-29382517b","https://www.westendpower.com/new-models/stihl-ms-201-c-em-14-lw-bar-picco-micro-38-63-pm-29382517b","10"
"1145 200 0292","MS 201 C-EM","Unchanged","https://www.westendpower.com/new-models/stihl-ms-201-c-em-14-lw-bar-picco-micro-38-63-pm-29382517b","https://www.westendpower.com/new-models/stihl-ms-201-c-em-14-lw-bar-picco-micro-38-63-pm-29382517b","10"
"1145 200 0290","MS 201 C-EM","Unchanged","https://www.westendpower.com/new-models/stihl-ms-201-c-em-14-lw-bar-picco-micro-38-63-pm-29382517b","https://www.westendpower.com/new-models/stihl-ms-201-c-em-14-lw-bar-picco-micro-38-63-pm-29382517b","10"
"1145 200 0323","MS 201 C-EM","Unchanged","https://www.westendpower.com/new-models/stihl-ms-201-c-em-14-lw-bar-picco-micro-38-63-pm-29382517b","https://www.westendpower.com/new-models/stihl-ms-201-c-em-14-lw-bar-picco-micro-38-63-pm-29382517b","10"
"1145 200 0285","MS 201 C-EM","Unchanged","https://www.westendpower.com/new-models/stihl-ms-201-c-em-14-lw-bar-picco-micro-38-63-pm-29382517b","https://www.westendpower.com/new-models/stihl-ms-201-c-em-14-lw-bar-picco-micro-38-63-pm-29382517b","10"
"1145 200 0283","MS 201 C-EM","Unchanged","https://www.westendpower.com/new-models/stihl-ms-201-c-em-14-lw-bar-picco-micro-38-63-pm-29382517b","https://www.westendpower.com/new-models/stihl-ms-201-c-em-14-lw-bar-picco-micro-38-63-pm-29382517b","10"
"1145 200 0325","MS 201 C-EM","Unchanged","https://www.westendpower.com/new-models/stihl-ms-201-c-em-14-lw-bar-picco-micro-38-63-pm-29382517b","https://www.westendpower.com/new-models/stihl-ms-201-c-em-14-lw-bar-picco-micro-38-63-pm-29382517b","10"
"1145 200 0284","MS 201 C-EM","Unchanged","https://www.westendpower.com/new-models/stihl-ms-201-c-em-14-lw-bar-picco-micro-38-63-pm-29382517b","https://www.westendpower.com/new-models/stihl-ms-201-c-em-14-lw-bar-picco-micro-38-63-pm-29382517b","10"
"1145 200 0297","MS 201 TC-M","Unchanged","https://www.westendpower.com/new-models/stihl-ms-201-tc-m-38p-16-light-gasoline-chainsaw-29382546b","https://www.westendpower.com/new-models/stihl-ms-201-tc-m-38p-16-light-gasoline-chainsaw-29382546b","12"
"1145 200 0296","MS 201 TC-M","Unchanged","https://www.westendpower.com/new-models/stihl-ms-201-tc-m-38p-16-light-gasoline-chainsaw-29382546b","https://www.westendpower.com/new-models/stihl-ms-201-tc-m-38p-16-light-gasoline-chainsaw-29382546b","12"
"1145 200 0298","MS 201 TC-M","Unchanged","https://www.westendpower.com/new-models/stihl-ms-201-tc-m-38p-16-light-gasoline-chainsaw-29382546b","https://www.westendpower.com/new-models/stihl-ms-201-tc-m-38p-16-light-gasoline-chainsaw-29382546b","12"
"1145 200 0300","MS 201 TC-M","Unchanged","https://www.westendpower.com/new-models/stihl-ms-201-tc-m-38p-16-light-gasoline-chainsaw-29382546b","https://www.westendpower.com/new-models/stihl-ms-201-tc-m-38p-16-light-gasoline-chainsaw-29382546b","12"
"1145 200 0302","MS 201 TC-M","Unchanged","https://www.westendpower.com/new-models/stihl-ms-201-tc-m-38p-16-light-gasoline-chainsaw-29382546b","https://www.westendpower.com/new-models/stihl-ms-201-tc-m-38p-16-light-gasoline-chainsaw-29382546b","12"
"1145 200 0299","MS 201 TC-M","Unchanged","https://www.westendpower.com/new-models/stihl-ms-201-tc-m-38p-16-light-gasoline-chainsaw-29382546b","https://www.westendpower.com/new-models/stihl-ms-201-tc-m-38p-16-light-gasoline-chainsaw-29382546b","12"
"1145 200 0327","MS 201 TC-M","Unchanged","https://www.westendpower.com/new-models/stihl-ms-201-tc-m-38p-16-light-gasoline-chainsaw-29382546b","https://www.westendpower.com/new-models/stihl-ms-201-tc-m-38p-16-light-gasoline-chainsaw-29382546b","12"
"1145 200 0301","MS 201 TC-M","Unchanged","https://www.westendpower.com/new-models/stihl-ms-201-tc-m-38p-16-light-gasoline-chainsaw-29382546b","https://www.westendpower.com/new-models/stihl-ms-201-tc-m-38p-16-light-gasoline-chainsaw-29382546b","12"
"1145 200 0324","MS 201 TC-M","Unchanged","https://www.westendpower.com/new-models/stihl-ms-201-tc-m-38p-16-light-gasoline-chainsaw-29382546b","https://www.westendpower.com/new-models/stihl-ms-201-tc-m-38p-16-light-gasoline-chainsaw-29382546b","12"
"1145 200 0304","MS 201 TC-M","Unchanged","https://www.westendpower.com/new-models/stihl-ms-201-tc-m-38p-16-light-gasoline-chainsaw-29382546b","https://www.westendpower.com/new-models/stihl-ms-201-tc-m-38p-16-light-gasoline-chainsaw-29382546b","12"
"1145 200 0303","MS 201 TC-M","Unchanged","https://www.westendpower.com/new-models/stihl-ms-201-tc-m-38p-16-light-gasoline-chainsaw-29382546b","https://www.westendpower.com/new-models/stihl-ms-201-tc-m-38p-16-light-gasoline-chainsaw-29382546b","12"
"1145 200 0305","MS 201 TC-M","Unchanged","https://www.westendpower.com/new-models/stihl-ms-201-tc-m-38p-16-light-gasoline-chainsaw-29382546b","https://www.westendpower.com/new-models/stihl-ms-201-tc-m-38p-16-light-gasoline-chainsaw-29382546b","12"
"1145 200 0306","MS 201 TC-M","Unchanged","https://www.westendpower.com/new-models/stihl-ms-201-tc-m-38p-16-light-gasoline-chainsaw-29382546b","https://www.westendpower.com/new-models/stihl-ms-201-tc-m-38p-16-light-gasoline-chainsaw-29382546b","12"
"1145 200 0308","MS 201 TC-M","Unchanged","https://www.westendpower.com/new-models/stihl-ms-201-tc-m-38p-16-light-gasoline-chainsaw-29382546b","https://www.westendpower.com/new-models/stihl-ms-201-tc-m-38p-16-light-gasoline-chainsaw-29382546b","12"
"1145 200 0326","MS 201 TC-M","Unchanged","https://www.westendpower.com/new-models/stihl-ms-201-tc-m-38p-16-light-gasoline-chainsaw-29382546b","https://www.westendpower.com/new-models/stihl-ms-201-tc-m-38p-16-light-gasoline-chainsaw-29382546b","12"
"1145 200 0307","MS 201 TC-M","Unchanged","https://www.westendpower.com/new-models/stihl-ms-201-tc-m-38p-16-light-gasoline-chainsaw-29382546b","https://www.westendpower.com/new-models/stihl-ms-201-tc-m-38p-16-light-gasoline-chainsaw-29382546b","12"
"1145 200 0309","MS 201 TC-M","Unchanged","https://www.westendpower.com/new-models/stihl-ms-201-tc-m-38p-16-light-gasoline-chainsaw-29382546b","https://www.westendpower.com/new-models/stihl-ms-201-tc-m-38p-16-light-gasoline-chainsaw-29382546b","12"
"1148 200 0214 US","MS 212 C-BE","Unchanged","https://www.westendpower.com/new-models/stihl-ms-212-c-be-gasoline-chainsaw-29381573b","https://www.westendpower.com/new-models/stihl-ms-212-c-be-gasoline-chainsaw-29381573b","1"
"1123 200 0881 US","MS 250","Unchanged","https://www.westendpower.com/new-models/stihl-ms-250-gasoline-chainsaw-29381534b","https://www.westendpower.com/new-models/stihl-ms-250-gasoline-chainsaw-29381534b","1"
"1143 200 0700 US","MS 251","Unchanged","https://www.westendpower.com/new-models/stihl-ms-251-wood-boss-gasoline-chainsaw-29381647b","https://www.westendpower.com/new-models/stihl-ms-251-wood-boss-gasoline-chainsaw-29381647b","1"
"1143 200 0699 US","MS 251 C-BE","Unchanged","https://www.westendpower.com/new-models/stihl-ms-251-c-be-gasoline-chainsaw-29381669b","https://www.westendpower.com/new-models/stihl-ms-251-c-be-gasoline-chainsaw-29381669b","1"
"1141 200 0678","MS 261","Unchanged","https://www.westendpower.com/new-models/stihl-ms-261-20-rapid-micro-0325-23-rm3-81-29381735b","https://www.westendpower.com/new-models/stihl-ms-261-20-rapid-micro-0325-23-rm3-81-29381735b","3"
"1141 200 0679","MS 261","Unchanged","https://www.westendpower.com/new-models/stihl-ms-261-20-rapid-micro-0325-23-rm3-81-29381735b","https://www.westendpower.com/new-models/stihl-ms-261-20-rapid-micro-0325-23-rm3-81-29381735b","3"
"1141 200 0680","MS 261","Unchanged","https://www.westendpower.com/new-models/stihl-ms-261-20-rapid-micro-0325-23-rm3-81-29381735b","https://www.westendpower.com/new-models/stihl-ms-261-20-rapid-micro-0325-23-rm3-81-29381735b","3"
"1141 200 0675","MS 261 C-M","Unchanged","https://www.westendpower.com/new-models/stihl-ms-261-c-m-chainsaw-18-29388006b","https://www.westendpower.com/new-models/stihl-ms-261-c-m-chainsaw-18-29388006b","4"
"1141 200 0676","MS 261 C-M","Unchanged","https://www.westendpower.com/new-models/stihl-ms-261-c-m-chainsaw-18-29388006b","https://www.westendpower.com/new-models/stihl-ms-261-c-m-chainsaw-18-29388006b","4"
"1141 200 0677","MS 261 C-M","Unchanged","https://www.westendpower.com/new-models/stihl-ms-261-c-m-chainsaw-18-29388006b","https://www.westendpower.com/new-models/stihl-ms-261-c-m-chainsaw-18-29388006b","4"
"1141 200 0681 US","MS 271","Unchanged","https://www.westendpower.com/new-models/stihl-ms-271-farm-boss-20-gasoline-chainsaw-29381571b","https://www.westendpower.com/new-models/stihl-ms-271-farm-boss-20-gasoline-chainsaw-29381571b","2"
"1141 200 0682 US","MS 271","Unchanged","https://www.westendpower.com/new-models/stihl-ms-271-farm-boss-20-gasoline-chainsaw-29381571b","https://www.westendpower.com/new-models/stihl-ms-271-farm-boss-20-gasoline-chainsaw-29381571b","2"
"1141 200 0779 US","MS 271","Unchanged","https://www.westendpower.com/new-models/stihl-ms-271-farm-boss-20-gasoline-chainsaw-29381571b","https://www.westendpower.com/new-models/stihl-ms-271-farm-boss-20-gasoline-chainsaw-29381571b","2"
"1141 200 0673 US","MS 291","Unchanged","https://www.westendpower.com/new-models/stihl-ms-291-20-bar-rapid-micro-81-23-rm3-81-29382921b","https://www.westendpower.com/new-models/stihl-ms-291-20-bar-rapid-micro-81-23-rm3-81-29382921b","2"
"1141 200 0674 US","MS 291","Unchanged","https://www.westendpower.com/new-models/stihl-ms-291-20-bar-rapid-micro-81-23-rm3-81-29382921b","https://www.westendpower.com/new-models/stihl-ms-291-20-bar-rapid-micro-81-23-rm3-81-29382921b","2"
"1140 200 0594","MS 311","Unchanged","https://www.westendpower.com/new-models/stihl-ms-311-25-33-rs3-84-29382939b","https://www.westendpower.com/new-models/stihl-ms-311-25-33-rs3-84-29382939b","5"
"1140 200 0595","MS 311","Unchanged","https://www.westendpower.com/new-models/stihl-ms-311-25-33-rs3-84-29382939b","https://www.westendpower.com/new-models/stihl-ms-311-25-33-rs3-84-29382939b","5"
"1140 200 0754","M3S 311","Missing","","","0"
"1140 200 0650","MS 311","Unchanged","https://www.westendpower.com/new-models/stihl-ms-311-25-33-rs3-84-29382939b","https://www.westendpower.com/new-models/stihl-ms-311-25-33-rs3-84-29382939b","5"
"1140 200 0755","MS 311","Unchanged","https://www.westendpower.com/new-models/stihl-ms-311-25-33-rs3-84-29382939b","https://www.westendpower.com/new-models/stihl-ms-311-25-33-rs3-84-29382939b","5"
"1140 200 0641","MS 362","Unchanged","https://www.westendpower.com/new-models/stihl-ms-362-r-25-33-rs3-84-gasoline-chainsaw-29383049b","https://www.westendpower.com/new-models/stihl-ms-362-r-25-33-rs3-84-gasoline-chainsaw-29383049b","11"
"1140 200 0642","MS 362","Unchanged","https://www.westendpower.com/new-models/stihl-ms-362-r-25-33-rs3-84-gasoline-chainsaw-29383049b","https://www.westendpower.com/new-models/stihl-ms-362-r-25-33-rs3-84-gasoline-chainsaw-29383049b","11"
"1140 200 0759","MS 362","Unchanged","https://www.westendpower.com/new-models/stihl-ms-362-r-25-33-rs3-84-gasoline-chainsaw-29383049b","https://www.westendpower.com/new-models/stihl-ms-362-r-25-33-rs3-84-gasoline-chainsaw-29383049b","11"
"1140 200 0643","MS 362","Unchanged","https://www.westendpower.com/new-models/stihl-ms-362-r-25-33-rs3-84-gasoline-chainsaw-29383049b","https://www.westendpower.com/new-models/stihl-ms-362-r-25-33-rs3-84-gasoline-chainsaw-29383049b","11"
"1140 200 0761","MS 362","Unchanged","https://www.westendpower.com/new-models/stihl-ms-362-r-25-33-rs3-84-gasoline-chainsaw-29383049b","https://www.westendpower.com/new-models/stihl-ms-362-r-25-33-rs3-84-gasoline-chainsaw-29383049b","11"
"1140 200 0628","MS 362 C-M","Unchanged","https://www.westendpower.com/new-models/stihl-ms-362-c-m-r-wrap-chain-saw-20-29388093b","https://www.westendpower.com/new-models/stihl-ms-362-c-m-r-wrap-chain-saw-20-29388093b","7"
"1140 200 0629","MS 362 C-M","Unchanged","https://www.westendpower.com/new-models/stihl-ms-362-c-m-r-wrap-chain-saw-20-29388093b","https://www.westendpower.com/new-models/stihl-ms-362-c-m-r-wrap-chain-saw-20-29388093b","7"
"1140 200 0758","MS 362 C-M","Unchanged","https://www.westendpower.com/new-models/stihl-ms-362-c-m-r-wrap-chain-saw-20-29388093b","https://www.westendpower.com/new-models/stihl-ms-362-c-m-r-wrap-chain-saw-20-29388093b","7"
"1140 200 0631","MS 362 C-M","Unchanged","https://www.westendpower.com/new-models/stihl-ms-362-c-m-r-wrap-chain-saw-20-29388093b","https://www.westendpower.com/new-models/stihl-ms-362-c-m-r-wrap-chain-saw-20-29388093b","7"
"1140 200 0760","MS 362 C-M","Unchanged","https://www.westendpower.com/new-models/stihl-ms-362-c-m-r-wrap-chain-saw-20-29388093b","https://www.westendpower.com/new-models/stihl-ms-362-c-m-r-wrap-chain-saw-20-29388093b","7"
"1140 200 0764","MS 362 C-M","Unchanged","https://www.westendpower.com/new-models/stihl-ms-362-c-m-r-wrap-chain-saw-20-29388093b","https://www.westendpower.com/new-models/stihl-ms-362-c-m-r-wrap-chain-saw-20-29388093b","7"
"1140 200 0636","MS 362 RC-M","Unchanged","https://www.westendpower.com/new-models/stihl-ms-362-r-c-m-25-bar-rapid-super-38-33-rs3-84-29383020b","https://www.westendpower.com/new-models/stihl-ms-362-r-c-m-25-bar-rapid-super-38-33-rs3-84-29383020b","6"
"1140 200 0637","MS 362 RC-M","Unchanged","https://www.westendpower.com/new-models/stihl-ms-362-r-c-m-25-bar-rapid-super-38-33-rs3-84-29383020b","https://www.westendpower.com/new-models/stihl-ms-362-r-c-m-25-bar-rapid-super-38-33-rs3-84-29383020b","6"
"1140 200 0686","MS 362 RC-M","Unchanged","https://www.westendpower.com/new-models/stihl-ms-362-r-c-m-25-bar-rapid-super-38-33-rs3-84-29383020b","https://www.westendpower.com/new-models/stihl-ms-362-r-c-m-25-bar-rapid-super-38-33-rs3-84-29383020b","6"
"1140 200 0590","MS 391","Unchanged","https://www.westendpower.com/new-models/stihl-ms-391-25-bar-rapid-super-38-33-rs-84-29383075b","https://www.westendpower.com/new-models/stihl-ms-391-25-bar-rapid-super-38-33-rs-84-29383075b","6"
"1140 200 0591","MS 391","Unchanged","https://www.westendpower.com/new-models/stihl-ms-391-25-bar-rapid-super-38-33-rs-84-29383075b","https://www.westendpower.com/new-models/stihl-ms-391-25-bar-rapid-super-38-33-rs-84-29383075b","6"
"1140 200 0756","MS 391","Unchanged","https://www.westendpower.com/new-models/stihl-ms-391-25-bar-rapid-super-38-33-rs-84-29383075b","https://www.westendpower.com/new-models/stihl-ms-391-25-bar-rapid-super-38-33-rs-84-29383075b","6"
"1140 200 0592","MS 391","Unchanged","https://www.westendpower.com/new-models/stihl-ms-391-25-bar-rapid-super-38-33-rs-84-29383075b","https://www.westendpower.com/new-models/stihl-ms-391-25-bar-rapid-super-38-33-rs-84-29383075b","6"
"1140 200 0600","MS 391","Unchanged","https://www.westendpower.com/new-models/stihl-ms-391-25-bar-rapid-super-38-33-rs-84-29383075b","https://www.westendpower.com/new-models/stihl-ms-391-25-bar-rapid-super-38-33-rs-84-29383075b","6"
"1140 200 0757","MS 391","Unchanged","https://www.westendpower.com/new-models/stihl-ms-391-25-bar-rapid-super-38-33-rs-84-29383075b","https://www.westendpower.com/new-models/stihl-ms-391-25-bar-rapid-super-38-33-rs-84-29383075b","6"
"1140 200 0704","MS 400 C-M","Unchanged","https://www.westendpower.com/new-models/stihl-ms-400-c-m25-bar-rapid-hexa38-33-rh3-84-29383161b","https://www.westendpower.com/new-models/stihl-ms-400-c-m25-bar-rapid-hexa38-33-rh3-84-29383161b","12"
"1140 200 0705","MS 400 C-M","Unchanged","https://www.westendpower.com/new-models/stihl-ms-400-c-m25-bar-rapid-hexa38-33-rh3-84-29383161b","https://www.westendpower.com/new-models/stihl-ms-400-c-m25-bar-rapid-hexa38-33-rh3-84-29383161b","12"
"1140 200 0482","MS 400 C-M","Unchanged","https://www.westendpower.com/new-models/stihl-ms-400-c-m25-bar-rapid-hexa38-33-rh3-84-29383161b","https://www.westendpower.com/new-models/stihl-ms-400-c-m25-bar-rapid-hexa38-33-rh3-84-29383161b","12"
"1140 200 0706","MS 400 C-M","Unchanged","https://www.westendpower.com/new-models/stihl-ms-400-c-m25-bar-rapid-hexa38-33-rh3-84-29383161b","https://www.westendpower.com/new-models/stihl-ms-400-c-m25-bar-rapid-hexa38-33-rh3-84-29383161b","12"
"1140 200 0708","MS 400 C-M","Unchanged","https://www.westendpower.com/new-models/stihl-ms-400-c-m25-bar-rapid-hexa38-33-rh3-84-29383161b","https://www.westendpower.com/new-models/stihl-ms-400-c-m25-bar-rapid-hexa38-33-rh3-84-29383161b","12"
"1140 200 0707","MS 400 C-M","Unchanged","https://www.westendpower.com/new-models/stihl-ms-400-c-m25-bar-rapid-hexa38-33-rh3-84-29383161b","https://www.westendpower.com/new-models/stihl-ms-400-c-m25-bar-rapid-hexa38-33-rh3-84-29383161b","12"
"1140 200 0483","MS 400 C-M","Unchanged","https://www.westendpower.com/new-models/stihl-ms-400-c-m25-bar-rapid-hexa38-33-rh3-84-29383161b","https://www.westendpower.com/new-models/stihl-ms-400-c-m25-bar-rapid-hexa38-33-rh3-84-29383161b","12"
"1140 200 0709","MS 400 C-M","Unchanged","https://www.westendpower.com/new-models/stihl-ms-400-c-m25-bar-rapid-hexa38-33-rh3-84-29383161b","https://www.westendpower.com/new-models/stihl-ms-400-c-m25-bar-rapid-hexa38-33-rh3-84-29383161b","12"
"1140 200 0710","MS 400 C-M","Unchanged","https://www.westendpower.com/new-models/stihl-ms-400-c-m25-bar-rapid-hexa38-33-rh3-84-29383161b","https://www.westendpower.com/new-models/stihl-ms-400-c-m25-bar-rapid-hexa38-33-rh3-84-29383161b","12"
"1140 200 0765","MS 400 C-M","Unchanged","https://www.westendpower.com/new-models/stihl-ms-400-c-m25-bar-rapid-hexa38-33-rh3-84-29383161b","https://www.westendpower.com/new-models/stihl-ms-400-c-m25-bar-rapid-hexa38-33-rh3-84-29383161b","12"
"1140 200 0762","MS 400 C-M","Unchanged","https://www.westendpower.com/new-models/stihl-ms-400-c-m25-bar-rapid-hexa38-33-rh3-84-29383161b","https://www.westendpower.com/new-models/stihl-ms-400-c-m25-bar-rapid-hexa38-33-rh3-84-29383161b","12"
"1140 200 0728","MS 400 C-M","Unchanged","https://www.westendpower.com/new-models/stihl-ms-400-c-m25-bar-rapid-hexa38-33-rh3-84-29383161b","https://www.westendpower.com/new-models/stihl-ms-400-c-m25-bar-rapid-hexa38-33-rh3-84-29383161b","12"
"1140 200 0763","MS 400 C-M","Unchanged","https://www.westendpower.com/new-models/stihl-ms-400-c-m25-bar-rapid-hexa38-33-rh3-84-29383161b","https://www.westendpower.com/new-models/stihl-ms-400-c-m25-bar-rapid-hexa38-33-rh3-84-29383161b","12"
"1142 200 0192","MS 462","Unchanged","https://www.westendpower.com/new-models/stihl-ms-462-28-whexa-chain-33-rhf-91-29384074b","https://www.westendpower.com/new-models/stihl-ms-462-28-whexa-chain-33-rhf-91-29384074b","17"
"1142 200 0193","MS 462","Unchanged","https://www.westendpower.com/new-models/stihl-ms-462-28-whexa-chain-33-rhf-91-29384074b","https://www.westendpower.com/new-models/stihl-ms-462-28-whexa-chain-33-rhf-91-29384074b","17"
"1142 200 0194","MS 462","Unchanged","https://www.westendpower.com/new-models/stihl-ms-462-28-whexa-chain-33-rhf-91-29384074b","https://www.westendpower.com/new-models/stihl-ms-462-28-whexa-chain-33-rhf-91-29384074b","17"
"1142 200 0236","MS 462","Unchanged","https://www.westendpower.com/new-models/stihl-ms-462-28-whexa-chain-33-rhf-91-29384074b","https://www.westendpower.com/new-models/stihl-ms-462-28-whexa-chain-33-rhf-91-29384074b","17"
"1142 200 0203","MS 462","Unchanged","https://www.westendpower.com/new-models/stihl-ms-462-28-whexa-chain-33-rhf-91-29384074b","https://www.westendpower.com/new-models/stihl-ms-462-28-whexa-chain-33-rhf-91-29384074b","17"
"1142 200 0195","MS 462","Unchanged","https://www.westendpower.com/new-models/stihl-ms-462-28-whexa-chain-33-rhf-91-29384074b","https://www.westendpower.com/new-models/stihl-ms-462-28-whexa-chain-33-rhf-91-29384074b","17"
"1142 200 0196","MS 462","Unchanged","https://www.westendpower.com/new-models/stihl-ms-462-28-whexa-chain-33-rhf-91-29384074b","https://www.westendpower.com/new-models/stihl-ms-462-28-whexa-chain-33-rhf-91-29384074b","17"
"1142 200 0197","MS 462","Unchanged","https://www.westendpower.com/new-models/stihl-ms-462-28-whexa-chain-33-rhf-91-29384074b","https://www.westendpower.com/new-models/stihl-ms-462-28-whexa-chain-33-rhf-91-29384074b","17"
"1142 200 0237","MS 462","Unchanged","https://www.westendpower.com/new-models/stihl-ms-462-28-whexa-chain-33-rhf-91-29384074b","https://www.westendpower.com/new-models/stihl-ms-462-28-whexa-chain-33-rhf-91-29384074b","17"
"1142 200 0204","MS 462","Unchanged","https://www.westendpower.com/new-models/stihl-ms-462-28-whexa-chain-33-rhf-91-29384074b","https://www.westendpower.com/new-models/stihl-ms-462-28-whexa-chain-33-rhf-91-29384074b","17"
"1142 200 0198","MS 462","Unchanged","https://www.westendpower.com/new-models/stihl-ms-462-28-whexa-chain-33-rhf-91-29384074b","https://www.westendpower.com/new-models/stihl-ms-462-28-whexa-chain-33-rhf-91-29384074b","17"
"1142 200 0199","MS 462","Unchanged","https://www.westendpower.com/new-models/stihl-ms-462-28-whexa-chain-33-rhf-91-29384074b","https://www.westendpower.com/new-models/stihl-ms-462-28-whexa-chain-33-rhf-91-29384074b","17"
"1142 200 0200","MS 462","Unchanged","https://www.westendpower.com/new-models/stihl-ms-462-28-whexa-chain-33-rhf-91-29384074b","https://www.westendpower.com/new-models/stihl-ms-462-28-whexa-chain-33-rhf-91-29384074b","17"
"1142 200 0205","MS 462","Unchanged","https://www.westendpower.com/new-models/stihl-ms-462-28-whexa-chain-33-rhf-91-29384074b","https://www.westendpower.com/new-models/stihl-ms-462-28-whexa-chain-33-rhf-91-29384074b","17"
"1142 200 0267","MS 462","Unchanged","https://www.westendpower.com/new-models/stihl-ms-462-28-whexa-chain-33-rhf-91-29384074b","https://www.westendpower.com/new-models/stihl-ms-462-28-whexa-chain-33-rhf-91-29384074b","17"
"1142 200 0201","MS 462","Unchanged","https://www.westendpower.com/new-models/stihl-ms-462-28-whexa-chain-33-rhf-91-29384074b","https://www.westendpower.com/new-models/stihl-ms-462-28-whexa-chain-33-rhf-91-29384074b","17"
"1142 200 0206","MS 462","Unchanged","https://www.westendpower.com/new-models/stihl-ms-462-28-whexa-chain-33-rhf-91-29384074b","https://www.westendpower.com/new-models/stihl-ms-462-28-whexa-chain-33-rhf-91-29384074b","17"
"1142 200 0202","MS 462","Unchanged","https://www.westendpower.com/new-models/stihl-ms-462-28-whexa-chain-33-rhf-91-29384074b","https://www.westendpower.com/new-models/stihl-ms-462-28-whexa-chain-33-rhf-91-29384074b","17"
"1142 200 0207","MS 462","Unchanged","https://www.westendpower.com/new-models/stihl-ms-462-28-whexa-chain-33-rhf-91-29384074b","https://www.westendpower.com/new-models/stihl-ms-462-28-whexa-chain-33-rhf-91-29384074b","17"
"1142 200 0134","MS 462 C-M","Unchanged","https://www.westendpower.com/new-models/stihl-ms-462-c-m-r-rescue-wdepth-limiter-20-36-rdr-29384259b","https://www.westendpower.com/new-models/stihl-ms-462-c-m-r-rescue-wdepth-limiter-20-36-rdr-29384259b","45"
"1142 200 0135","MS 462 C-M","Unchanged","https://www.westendpower.com/new-models/stihl-ms-462-c-m-r-rescue-wdepth-limiter-20-36-rdr-29384259b","https://www.westendpower.com/new-models/stihl-ms-462-c-m-r-rescue-wdepth-limiter-20-36-rdr-29384259b","45"
"1142 200 0136","MS 462 C-M","Unchanged","https://www.westendpower.com/new-models/stihl-ms-462-c-m-r-rescue-wdepth-limiter-20-36-rdr-29384259b","https://www.westendpower.com/new-models/stihl-ms-462-c-m-r-rescue-wdepth-limiter-20-36-rdr-29384259b","45"
"1142 200 0229","MS 462 C-M","Unchanged","https://www.westendpower.com/new-models/stihl-ms-462-c-m-r-rescue-wdepth-limiter-20-36-rdr-29384259b","https://www.westendpower.com/new-models/stihl-ms-462-c-m-r-rescue-wdepth-limiter-20-36-rdr-29384259b","45"
"1142 200 0137","MS 462 C-M","Unchanged","https://www.westendpower.com/new-models/stihl-ms-462-c-m-r-rescue-wdepth-limiter-20-36-rdr-29384259b","https://www.westendpower.com/new-models/stihl-ms-462-c-m-r-rescue-wdepth-limiter-20-36-rdr-29384259b","45"
"1142 200 0138","MS 462 C-M","Unchanged","https://www.westendpower.com/new-models/stihl-ms-462-c-m-r-rescue-wdepth-limiter-20-36-rdr-29384259b","https://www.westendpower.com/new-models/stihl-ms-462-c-m-r-rescue-wdepth-limiter-20-36-rdr-29384259b","45"
"1142 200 0139","MS 462 C-M","Unchanged","https://www.westendpower.com/new-models/stihl-ms-462-c-m-r-rescue-wdepth-limiter-20-36-rdr-29384259b","https://www.westendpower.com/new-models/stihl-ms-462-c-m-r-rescue-wdepth-limiter-20-36-rdr-29384259b","45"
"1142 200 0230","MS 462 C-M","Unchanged","https://www.westendpower.com/new-models/stihl-ms-462-c-m-r-rescue-wdepth-limiter-20-36-rdr-29384259b","https://www.westendpower.com/new-models/stihl-ms-462-c-m-r-rescue-wdepth-limiter-20-36-rdr-29384259b","45"
"1142 200 0130","MS 462 C-M","Unchanged","https://www.westendpower.com/new-models/stihl-ms-462-c-m-r-rescue-wdepth-limiter-20-36-rdr-29384259b","https://www.westendpower.com/new-models/stihl-ms-462-c-m-r-rescue-wdepth-limiter-20-36-rdr-29384259b","45"
"1142 200 0235","MS 462 C-M","Unchanged","https://www.westendpower.com/new-models/stihl-ms-462-c-m-r-rescue-wdepth-limiter-20-36-rdr-29384259b","https://www.westendpower.com/new-models/stihl-ms-462-c-m-r-rescue-wdepth-limiter-20-36-rdr-29384259b","45"
"1142 200 0140","MS 462 C-M","Unchanged","https://www.westendpower.com/new-models/stihl-ms-462-c-m-r-rescue-wdepth-limiter-20-36-rdr-29384259b","https://www.westendpower.com/new-models/stihl-ms-462-c-m-r-rescue-wdepth-limiter-20-36-rdr-29384259b","45"
"1142 200 0141","MS 462 C-M","Unchanged","https://www.westendpower.com/new-models/stihl-ms-462-c-m-r-rescue-wdepth-limiter-20-36-rdr-29384259b","https://www.westendpower.com/new-models/stihl-ms-462-c-m-r-rescue-wdepth-limiter-20-36-rdr-29384259b","45"
"1142 200 0158","MS 462 C-M","Unchanged","https://www.westendpower.com/new-models/stihl-ms-462-c-m-r-rescue-wdepth-limiter-20-36-rdr-29384259b","https://www.westendpower.com/new-models/stihl-ms-462-c-m-r-rescue-wdepth-limiter-20-36-rdr-29384259b","45"
"1142 200 0231","MS 462 C-M","Unchanged","https://www.westendpower.com/new-models/stihl-ms-462-c-m-r-rescue-wdepth-limiter-20-36-rdr-29384259b","https://www.westendpower.com/new-models/stihl-ms-462-c-m-r-rescue-wdepth-limiter-20-36-rdr-29384259b","45"
"1142 200 0131","MS 462 C-M","Unchanged","https://www.westendpower.com/new-models/stihl-ms-462-c-m-r-rescue-wdepth-limiter-20-36-rdr-29384259b","https://www.westendpower.com/new-models/stihl-ms-462-c-m-r-rescue-wdepth-limiter-20-36-rdr-29384259b","45"
"1142 200 0265","MS 462 C-M","Unchanged","https://www.westendpower.com/new-models/stihl-ms-462-c-m-r-rescue-wdepth-limiter-20-36-rdr-29384259b","https://www.westendpower.com/new-models/stihl-ms-462-c-m-r-rescue-wdepth-limiter-20-36-rdr-29384259b","45"
"1142 200 0176","MS 462 C-M","Unchanged","https://www.westendpower.com/new-models/stihl-ms-462-c-m-r-rescue-wdepth-limiter-20-36-rdr-29384259b","https://www.westendpower.com/new-models/stihl-ms-462-c-m-r-rescue-wdepth-limiter-20-36-rdr-29384259b","45"
"1142 200 0178","MS 462 C-M","Unchanged","https://www.westendpower.com/new-models/stihl-ms-462-c-m-r-rescue-wdepth-limiter-20-36-rdr-29384259b","https://www.westendpower.com/new-models/stihl-ms-462-c-m-r-rescue-wdepth-limiter-20-36-rdr-29384259b","45"
"1142 200 0177","MS 462 C-M","Unchanged","https://www.westendpower.com/new-models/stihl-ms-462-c-m-r-rescue-wdepth-limiter-20-36-rdr-29384259b","https://www.westendpower.com/new-models/stihl-ms-462-c-m-r-rescue-wdepth-limiter-20-36-rdr-29384259b","45"
"1142 200 0186","MS 462 C-M","Unchanged","https://www.westendpower.com/new-models/stihl-ms-462-c-m-r-rescue-wdepth-limiter-20-36-rdr-29384259b","https://www.westendpower.com/new-models/stihl-ms-462-c-m-r-rescue-wdepth-limiter-20-36-rdr-29384259b","45"
"1142 200 0208","MS 462 R","Unchanged","https://www.westendpower.com/new-models/stihl-ms-462-r-25-whexa-chain-33-rh-84-29384250b","https://www.westendpower.com/new-models/stihl-ms-462-r-25-whexa-chain-33-rh-84-29384250b","22"
"1142 200 0209","MS 462 R","Unchanged","https://www.westendpower.com/new-models/stihl-ms-462-r-25-whexa-chain-33-rh-84-29384250b","https://www.westendpower.com/new-models/stihl-ms-462-r-25-whexa-chain-33-rh-84-29384250b","22"
"1142 200 0210","MS 462 R","Unchanged","https://www.westendpower.com/new-models/stihl-ms-462-r-25-whexa-chain-33-rh-84-29384250b","https://www.westendpower.com/new-models/stihl-ms-462-r-25-whexa-chain-33-rh-84-29384250b","22"
"1142 200 0238","MS 462 R","Unchanged","https://www.westendpower.com/new-models/stihl-ms-462-r-25-whexa-chain-33-rh-84-29384250b","https://www.westendpower.com/new-models/stihl-ms-462-r-25-whexa-chain-33-rh-84-29384250b","22"
"1142 200 0219","MS 462 R","Unchanged","https://www.westendpower.com/new-models/stihl-ms-462-r-25-whexa-chain-33-rh-84-29384250b","https://www.westendpower.com/new-models/stihl-ms-462-r-25-whexa-chain-33-rh-84-29384250b","22"
"1142 200 0211","MS 462 R","Unchanged","https://www.westendpower.com/new-models/stihl-ms-462-r-25-whexa-chain-33-rh-84-29384250b","https://www.westendpower.com/new-models/stihl-ms-462-r-25-whexa-chain-33-rh-84-29384250b","22"
"1142 200 0212","MS 462 R","Unchanged","https://www.westendpower.com/new-models/stihl-ms-462-r-25-whexa-chain-33-rh-84-29384250b","https://www.westendpower.com/new-models/stihl-ms-462-r-25-whexa-chain-33-rh-84-29384250b","22"
"1142 200 0239","MS 462 R","Unchanged","https://www.westendpower.com/new-models/stihl-ms-462-r-25-whexa-chain-33-rh-84-29384250b","https://www.westendpower.com/new-models/stihl-ms-462-r-25-whexa-chain-33-rh-84-29384250b","22"
"1142 200 0220","MS 462 R","Unchanged","https://www.westendpower.com/new-models/stihl-ms-462-r-25-whexa-chain-33-rh-84-29384250b","https://www.westendpower.com/new-models/stihl-ms-462-r-25-whexa-chain-33-rh-84-29384250b","22"
"1142 200 0213","MS 462 R","Unchanged","https://www.westendpower.com/new-models/stihl-ms-462-r-25-whexa-chain-33-rh-84-29384250b","https://www.westendpower.com/new-models/stihl-ms-462-r-25-whexa-chain-33-rh-84-29384250b","22"
"1142 200 0215","MS 462 R","Unchanged","https://www.westendpower.com/new-models/stihl-ms-462-r-25-whexa-chain-33-rh-84-29384250b","https://www.westendpower.com/new-models/stihl-ms-462-r-25-whexa-chain-33-rh-84-29384250b","22"
"1142 200 0214","MS 462 R","Unchanged","https://www.westendpower.com/new-models/stihl-ms-462-r-25-whexa-chain-33-rh-84-29384250b","https://www.westendpower.com/new-models/stihl-ms-462-r-25-whexa-chain-33-rh-84-29384250b","22"
"1142 200 0221","MS 462 R","Unchanged","https://www.westendpower.com/new-models/stihl-ms-462-r-25-whexa-chain-33-rh-84-29384250b","https://www.westendpower.com/new-models/stihl-ms-462-r-25-whexa-chain-33-rh-84-29384250b","22"
"1142 200 0223","MS 462 R","Unchanged","https://www.westendpower.com/new-models/stihl-ms-462-r-25-whexa-chain-33-rh-84-29384250b","https://www.westendpower.com/new-models/stihl-ms-462-r-25-whexa-chain-33-rh-84-29384250b","22"
"1142 200 0222","MS 462 R","Unchanged","https://www.westendpower.com/new-models/stihl-ms-462-r-25-whexa-chain-33-rh-84-29384250b","https://www.westendpower.com/new-models/stihl-ms-462-r-25-whexa-chain-33-rh-84-29384250b","22"
"1142 200 0268","MS 462 R","Unchanged","https://www.westendpower.com/new-models/stihl-ms-462-r-25-whexa-chain-33-rh-84-29384250b","https://www.westendpower.com/new-models/stihl-ms-462-r-25-whexa-chain-33-rh-84-29384250b","22"
"1142 200 0216","MS 462 R","Unchanged","https://www.westendpower.com/new-models/stihl-ms-462-r-25-whexa-chain-33-rh-84-29384250b","https://www.westendpower.com/new-models/stihl-ms-462-r-25-whexa-chain-33-rh-84-29384250b","22"
"1142 200 0217","MS 462 R","Unchanged","https://www.westendpower.com/new-models/stihl-ms-462-r-25-whexa-chain-33-rh-84-29384250b","https://www.westendpower.com/new-models/stihl-ms-462-r-25-whexa-chain-33-rh-84-29384250b","22"
"1142 200 0224","MS 462 R","Unchanged","https://www.westendpower.com/new-models/stihl-ms-462-r-25-whexa-chain-33-rh-84-29384250b","https://www.westendpower.com/new-models/stihl-ms-462-r-25-whexa-chain-33-rh-84-29384250b","22"
"1142 200 0225","MS 462 R","Unchanged","https://www.westendpower.com/new-models/stihl-ms-462-r-25-whexa-chain-33-rh-84-29384250b","https://www.westendpower.com/new-models/stihl-ms-462-r-25-whexa-chain-33-rh-84-29384250b","22"
"1142 200 0226","MS 462 R","Unchanged","https://www.westendpower.com/new-models/stihl-ms-462-r-25-whexa-chain-33-rh-84-29384250b","https://www.westendpower.com/new-models/stihl-ms-462-r-25-whexa-chain-33-rh-84-29384250b","22"
"1142 200 0218","MS 462 R","Unchanged","https://www.westendpower.com/new-models/stihl-ms-462-r-25-whexa-chain-33-rh-84-29384250b","https://www.westendpower.com/new-models/stihl-ms-462-r-25-whexa-chain-33-rh-84-29384250b","22"
"1142 200 0227","MS 462 R","Unchanged","https://www.westendpower.com/new-models/stihl-ms-462-r-25-whexa-chain-33-rh-84-29384250b","https://www.westendpower.com/new-models/stihl-ms-462-r-25-whexa-chain-33-rh-84-29384250b","22"
"1142 200 0228","MS 462 R","Unchanged","https://www.westendpower.com/new-models/stihl-ms-462-r-25-whexa-chain-33-rh-84-29384250b","https://www.westendpower.com/new-models/stihl-ms-462-r-25-whexa-chain-33-rh-84-29384250b","22"
"1142 200 0142","MS 462 RC-M","Missing","","","0"
"1142 200 0143","MS 462 RC-M","Missing","","","0"
"1142 200 0155","MS 462 RC-M","Missing","","","0"
"1142 200 0232","MS 462 RC-M","Missing","","","0"
"1142 200 0162","MS 462 RC-M","Missing","","","0"
"1142 200 0168","MS 462 RC-M","Missing","","","0"
"1142 200 0144","MS 462 RC-M","Missing","","","0"
"1142 200 0233","MS 462 RC-M","Missing","","","0"
"1142 200 0149","MS 462 RC-M","Missing","","","0"
"1142 200 0159","MS 462 RC-M","Missing","","","0"
"1142 200 0150","MS 462 RC-M","Missing","","","0"
"1142 200 0234","MS 462 RC-M","Missing","","","0"
"1142 200 0160","MS 462 RC-M","Missing","","","0"
"1142 200 0153","MS 462 RC-M","Missing","","","0"
"1142 200 0151","MS 462 RC-M","Missing","","","0"
"1142 200 0266","MS 462 RC-M","Missing","","","0"
"1142 200 0152","MS 462 RC-M","Missing","","","0"
"1142 200 0179","MS 462 RC-M","Missing","","","0"
"1142 200 0187","MS 462 RC-M","Missing","","","0"
"1142 200 0181","MS 462 RC-M","Missing","","","0"
"1142 200 0182","MS 462 RC-M","Missing","","","0"
"1142 200 0184","MS 462 RC-M","Missing","","","0"
"1142 200 0180","MS 462 RC-M","Missing","","","0"
"1142 200 0183","MS 462 RC-M","Missing","","","0"
"1142 200 0185","MS 462 RC-M","Missing","","","0"
"1142 200 0148","MS 462 RC-M RESCUE","Missing","","","0"
"1142 200 0156","MS 462 RC-M RESCUE","Missing","","","0"
"1147 200 0049","MS 500 i","Unchanged","https://www.westendpower.com/new-models/stihl-ms-500i-25-bar-rapid-super-38-33-rs3-84-29384312b","https://www.westendpower.com/new-models/stihl-ms-500i-25-bar-rapid-super-38-33-rs3-84-29384312b","8"
"1147 200 0029","MS 500 i","Unchanged","https://www.westendpower.com/new-models/stihl-ms-500i-25-bar-rapid-super-38-33-rs3-84-29384312b","https://www.westendpower.com/new-models/stihl-ms-500i-25-bar-rapid-super-38-33-rs3-84-29384312b","8"
"1147 200 0030","MS 500 i","Unchanged","https://www.westendpower.com/new-models/stihl-ms-500i-25-bar-rapid-super-38-33-rs3-84-29384312b","https://www.westendpower.com/new-models/stihl-ms-500i-25-bar-rapid-super-38-33-rs3-84-29384312b","8"
"1147 200 0058","MS 500 i","Unchanged","https://www.westendpower.com/new-models/stihl-ms-500i-25-bar-rapid-super-38-33-rs3-84-29384312b","https://www.westendpower.com/new-models/stihl-ms-500i-25-bar-rapid-super-38-33-rs3-84-29384312b","8"
"1147 200 0052","MS 500 i","Unchanged","https://www.westendpower.com/new-models/stihl-ms-500i-25-bar-rapid-super-38-33-rs3-84-29384312b","https://www.westendpower.com/new-models/stihl-ms-500i-25-bar-rapid-super-38-33-rs3-84-29384312b","8"
"1147 200 0031","MS 500 i","Unchanged","https://www.westendpower.com/new-models/stihl-ms-500i-25-bar-rapid-super-38-33-rs3-84-29384312b","https://www.westendpower.com/new-models/stihl-ms-500i-25-bar-rapid-super-38-33-rs3-84-29384312b","8"
"1147 200 0059","MS 500 i","Unchanged","https://www.westendpower.com/new-models/stihl-ms-500i-25-bar-rapid-super-38-33-rs3-84-29384312b","https://www.westendpower.com/new-models/stihl-ms-500i-25-bar-rapid-super-38-33-rs3-84-29384312b","8"
"1147 200 0032","MS 500 i","Unchanged","https://www.westendpower.com/new-models/stihl-ms-500i-25-bar-rapid-super-38-33-rs3-84-29384312b","https://www.westendpower.com/new-models/stihl-ms-500i-25-bar-rapid-super-38-33-rs3-84-29384312b","8"
"1147 200 0062","MS 500 i","Unchanged","https://www.westendpower.com/new-models/stihl-ms-500i-25-bar-rapid-super-38-33-rs3-84-29384312b","https://www.westendpower.com/new-models/stihl-ms-500i-25-bar-rapid-super-38-33-rs3-84-29384312b","8"
"1147 200 0033","MS 500 i","Unchanged","https://www.westendpower.com/new-models/stihl-ms-500i-25-bar-rapid-super-38-33-rs3-84-29384312b","https://www.westendpower.com/new-models/stihl-ms-500i-25-bar-rapid-super-38-33-rs3-84-29384312b","8"
"1147 200 0034","MS 500 i","Unchanged","https://www.westendpower.com/new-models/stihl-ms-500i-25-bar-rapid-super-38-33-rs3-84-29384312b","https://www.westendpower.com/new-models/stihl-ms-500i-25-bar-rapid-super-38-33-rs3-84-29384312b","8"
"1147 200 0063","MS 500 i","Unchanged","https://www.westendpower.com/new-models/stihl-ms-500i-25-bar-rapid-super-38-33-rs3-84-29384312b","https://www.westendpower.com/new-models/stihl-ms-500i-25-bar-rapid-super-38-33-rs3-84-29384312b","8"
"1147 200 0094","MS 500 i","Unchanged","https://www.westendpower.com/new-models/stihl-ms-500i-25-bar-rapid-super-38-33-rs3-84-29384312b","https://www.westendpower.com/new-models/stihl-ms-500i-25-bar-rapid-super-38-33-rs3-84-29384312b","8"
"1147 200 0035","MS 500 i","Unchanged","https://www.westendpower.com/new-models/stihl-ms-500i-25-bar-rapid-super-38-33-rs3-84-29384312b","https://www.westendpower.com/new-models/stihl-ms-500i-25-bar-rapid-super-38-33-rs3-84-29384312b","8"
"1147 200 0036","MS 500 i","Unchanged","https://www.westendpower.com/new-models/stihl-ms-500i-25-bar-rapid-super-38-33-rs3-84-29384312b","https://www.westendpower.com/new-models/stihl-ms-500i-25-bar-rapid-super-38-33-rs3-84-29384312b","8"
"1147 200 0037","MS 500 i","Unchanged","https://www.westendpower.com/new-models/stihl-ms-500i-25-bar-rapid-super-38-33-rs3-84-29384312b","https://www.westendpower.com/new-models/stihl-ms-500i-25-bar-rapid-super-38-33-rs3-84-29384312b","8"
"1147 200 0043","MS 500 iR","Unchanged","https://www.westendpower.com/new-models/stihl-ms-500i-r-25-rapid-super-38-33-rs3-84-29384850b","https://www.westendpower.com/new-models/stihl-ms-500i-r-25-rapid-super-38-33-rs3-84-29384850b","13"
"1147 200 0038","MS 500 iR","Unchanged","https://www.westendpower.com/new-models/stihl-ms-500i-r-25-rapid-super-38-33-rs3-84-29384850b","https://www.westendpower.com/new-models/stihl-ms-500i-r-25-rapid-super-38-33-rs3-84-29384850b","13"
"1147 200 0039","MS 500 iR","Unchanged","https://www.westendpower.com/new-models/stihl-ms-500i-r-25-rapid-super-38-33-rs3-84-29384850b","https://www.westendpower.com/new-models/stihl-ms-500i-r-25-rapid-super-38-33-rs3-84-29384850b","13"
"1147 200 0060","MS 500 iR","Unchanged","https://www.westendpower.com/new-models/stihl-ms-500i-r-25-rapid-super-38-33-rs3-84-29384850b","https://www.westendpower.com/new-models/stihl-ms-500i-r-25-rapid-super-38-33-rs3-84-29384850b","13"
"1147 200 0053","MS 500 iR","Unchanged","https://www.westendpower.com/new-models/stihl-ms-500i-r-25-rapid-super-38-33-rs3-84-29384850b","https://www.westendpower.com/new-models/stihl-ms-500i-r-25-rapid-super-38-33-rs3-84-29384850b","13"
"1147 200 0040","MS 500 iR","Unchanged","https://www.westendpower.com/new-models/stihl-ms-500i-r-25-rapid-super-38-33-rs3-84-29384850b","https://www.westendpower.com/new-models/stihl-ms-500i-r-25-rapid-super-38-33-rs3-84-29384850b","13"
"1147 200 0061","MS 500 iR","Unchanged","https://www.westendpower.com/new-models/stihl-ms-500i-r-25-rapid-super-38-33-rs3-84-29384850b","https://www.westendpower.com/new-models/stihl-ms-500i-r-25-rapid-super-38-33-rs3-84-29384850b","13"
"1147 200 0050","MS 500 iR","Unchanged","https://www.westendpower.com/new-models/stihl-ms-500i-r-25-rapid-super-38-33-rs3-84-29384850b","https://www.westendpower.com/new-models/stihl-ms-500i-r-25-rapid-super-38-33-rs3-84-29384850b","13"
"1147 200 0041","MS 500 iR","Unchanged","https://www.westendpower.com/new-models/stihl-ms-500i-r-25-rapid-super-38-33-rs3-84-29384850b","https://www.westendpower.com/new-models/stihl-ms-500i-r-25-rapid-super-38-33-rs3-84-29384850b","13"
"1147 200 0042","MS 500 iR","Unchanged","https://www.westendpower.com/new-models/stihl-ms-500i-r-25-rapid-super-38-33-rs3-84-29384850b","https://www.westendpower.com/new-models/stihl-ms-500i-r-25-rapid-super-38-33-rs3-84-29384850b","13"
"1147 200 0051","MS 500 iR","Unchanged","https://www.westendpower.com/new-models/stihl-ms-500i-r-25-rapid-super-38-33-rs3-84-29384850b","https://www.westendpower.com/new-models/stihl-ms-500i-r-25-rapid-super-38-33-rs3-84-29384850b","13"
"1147 200 0095","MS 500 iR","Unchanged","https://www.westendpower.com/new-models/stihl-ms-500i-r-25-rapid-super-38-33-rs3-84-29384850b","https://www.westendpower.com/new-models/stihl-ms-500i-r-25-rapid-super-38-33-rs3-84-29384850b","13"
"1147 200 0044","MS 500 iR","Unchanged","https://www.westendpower.com/new-models/stihl-ms-500i-r-25-rapid-super-38-33-rs3-84-29384850b","https://www.westendpower.com/new-models/stihl-ms-500i-r-25-rapid-super-38-33-rs3-84-29384850b","13"
"1147 200 0046","MS 500 iR","Unchanged","https://www.westendpower.com/new-models/stihl-ms-500i-r-25-rapid-super-38-33-rs3-84-29384850b","https://www.westendpower.com/new-models/stihl-ms-500i-r-25-rapid-super-38-33-rs3-84-29384850b","13"
"1147 200 0096","MS 500 iR","Unchanged","https://www.westendpower.com/new-models/stihl-ms-500i-r-25-rapid-super-38-33-rs3-84-29384850b","https://www.westendpower.com/new-models/stihl-ms-500i-r-25-rapid-super-38-33-rs3-84-29384850b","13"
"1147 200 0048","MS 500 iR","Unchanged","https://www.westendpower.com/new-models/stihl-ms-500i-r-25-rapid-super-38-33-rs3-84-29384850b","https://www.westendpower.com/new-models/stihl-ms-500i-r-25-rapid-super-38-33-rs3-84-29384850b","13"
"1147 200 0045","MS 500 iR","Unchanged","https://www.westendpower.com/new-models/stihl-ms-500i-r-25-rapid-super-38-33-rs3-84-29384850b","https://www.westendpower.com/new-models/stihl-ms-500i-r-25-rapid-super-38-33-rs3-84-29384850b","13"
"1147 200 0097","MS 500 iR","Unchanged","https://www.westendpower.com/new-models/stihl-ms-500i-r-25-rapid-super-38-33-rs3-84-29384850b","https://www.westendpower.com/new-models/stihl-ms-500i-r-25-rapid-super-38-33-rs3-84-29384850b","13"
"1144 200 0376","MS 661","Unchanged","https://www.westendpower.com/new-models/stihl-ms-661-magnum-25-lw-rapid-super-38-33-rs-84-29384928b","https://www.westendpower.com/new-models/stihl-ms-661-magnum-25-lw-rapid-super-38-33-rs-84-29384928b","11"
"1144 200 0377","MS 661","Unchanged","https://www.westendpower.com/new-models/stihl-ms-661-magnum-25-lw-rapid-super-38-33-rs-84-29384928b","https://www.westendpower.com/new-models/stihl-ms-661-magnum-25-lw-rapid-super-38-33-rs-84-29384928b","11"
"1144 200 0378","MS 661","Unchanged","https://www.westendpower.com/new-models/stihl-ms-661-magnum-25-lw-rapid-super-38-33-rs-84-29384928b","https://www.westendpower.com/new-models/stihl-ms-661-magnum-25-lw-rapid-super-38-33-rs-84-29384928b","11"
"1144 200 0380","MS 661","Unchanged","https://www.westendpower.com/new-models/stihl-ms-661-magnum-25-lw-rapid-super-38-33-rs-84-29384928b","https://www.westendpower.com/new-models/stihl-ms-661-magnum-25-lw-rapid-super-38-33-rs-84-29384928b","11"
"1144 200 0379","MS 661","Unchanged","https://www.westendpower.com/new-models/stihl-ms-661-magnum-25-lw-rapid-super-38-33-rs-84-29384928b","https://www.westendpower.com/new-models/stihl-ms-661-magnum-25-lw-rapid-super-38-33-rs-84-29384928b","11"
"1144 200 0456","MS 661","Unchanged","https://www.westendpower.com/new-models/stihl-ms-661-magnum-25-lw-rapid-super-38-33-rs-84-29384928b","https://www.westendpower.com/new-models/stihl-ms-661-magnum-25-lw-rapid-super-38-33-rs-84-29384928b","11"
"1144 200 0434","MS 661","Unchanged","https://www.westendpower.com/new-models/stihl-ms-661-magnum-25-lw-rapid-super-38-33-rs-84-29384928b","https://www.westendpower.com/new-models/stihl-ms-661-magnum-25-lw-rapid-super-38-33-rs-84-29384928b","11"
"1144 200 0421","MS 661","Unchanged","https://www.westendpower.com/new-models/stihl-ms-661-magnum-25-lw-rapid-super-38-33-rs-84-29384928b","https://www.westendpower.com/new-models/stihl-ms-661-magnum-25-lw-rapid-super-38-33-rs-84-29384928b","11"
"1144 200 0381","MS 661","Unchanged","https://www.westendpower.com/new-models/stihl-ms-661-magnum-25-lw-rapid-super-38-33-rs-84-29384928b","https://www.westendpower.com/new-models/stihl-ms-661-magnum-25-lw-rapid-super-38-33-rs-84-29384928b","11"
"1144 200 0422","MS 661","Unchanged","https://www.westendpower.com/new-models/stihl-ms-661-magnum-25-lw-rapid-super-38-33-rs-84-29384928b","https://www.westendpower.com/new-models/stihl-ms-661-magnum-25-lw-rapid-super-38-33-rs-84-29384928b","11"
"1144 200 0382","MS 661","Unchanged","https://www.westendpower.com/new-models/stihl-ms-661-magnum-25-lw-rapid-super-38-33-rs-84-29384928b","https://www.westendpower.com/new-models/stihl-ms-661-magnum-25-lw-rapid-super-38-33-rs-84-29384928b","11"
"1144 200 0423","MS 661","Unchanged","https://www.westendpower.com/new-models/stihl-ms-661-magnum-25-lw-rapid-super-38-33-rs-84-29384928b","https://www.westendpower.com/new-models/stihl-ms-661-magnum-25-lw-rapid-super-38-33-rs-84-29384928b","11"
"1144 200 0457","MS 661","Unchanged","https://www.westendpower.com/new-models/stihl-ms-661-magnum-25-lw-rapid-super-38-33-rs-84-29384928b","https://www.westendpower.com/new-models/stihl-ms-661-magnum-25-lw-rapid-super-38-33-rs-84-29384928b","11"
"1144 200 0383","MS 661","Unchanged","https://www.westendpower.com/new-models/stihl-ms-661-magnum-25-lw-rapid-super-38-33-rs-84-29384928b","https://www.westendpower.com/new-models/stihl-ms-661-magnum-25-lw-rapid-super-38-33-rs-84-29384928b","11"
"1144 200 0458","MS 661","Unchanged","https://www.westendpower.com/new-models/stihl-ms-661-magnum-25-lw-rapid-super-38-33-rs-84-29384928b","https://www.westendpower.com/new-models/stihl-ms-661-magnum-25-lw-rapid-super-38-33-rs-84-29384928b","11"
"1144 200 0400","MS 661 C-M","Unchanged","https://www.westendpower.com/new-models/stihl-ms-661-c-m-magnum25lw-rapid-super38-33-rs-84-29384971b","https://www.westendpower.com/new-models/stihl-ms-661-c-m-magnum25lw-rapid-super38-33-rs-84-29384971b","11"
"1144 200 0401","MS 661 C-M","Unchanged","https://www.westendpower.com/new-models/stihl-ms-661-c-m-magnum25lw-rapid-super38-33-rs-84-29384971b","https://www.westendpower.com/new-models/stihl-ms-661-c-m-magnum25lw-rapid-super38-33-rs-84-29384971b","11"
"1144 200 0402","MS 661 C-M","Unchanged","https://www.westendpower.com/new-models/stihl-ms-661-c-m-magnum25lw-rapid-super38-33-rs-84-29384971b","https://www.westendpower.com/new-models/stihl-ms-661-c-m-magnum25lw-rapid-super38-33-rs-84-29384971b","11"
"1144 200 0403","MS 661 C-M","Unchanged","https://www.westendpower.com/new-models/stihl-ms-661-c-m-magnum25lw-rapid-super38-33-rs-84-29384971b","https://www.westendpower.com/new-models/stihl-ms-661-c-m-magnum25lw-rapid-super38-33-rs-84-29384971b","11"
"1144 200 0337","MS 661 C-M","Unchanged","https://www.westendpower.com/new-models/stihl-ms-661-c-m-magnum25lw-rapid-super38-33-rs-84-29384971b","https://www.westendpower.com/new-models/stihl-ms-661-c-m-magnum25lw-rapid-super38-33-rs-84-29384971b","11"
"1144 200 0462","MS 661 C-M","Unchanged","https://www.westendpower.com/new-models/stihl-ms-661-c-m-magnum25lw-rapid-super38-33-rs-84-29384971b","https://www.westendpower.com/new-models/stihl-ms-661-c-m-magnum25lw-rapid-super38-33-rs-84-29384971b","11"
"1144 200 0432","MS 661 C-M","Unchanged","https://www.westendpower.com/new-models/stihl-ms-661-c-m-magnum25lw-rapid-super38-33-rs-84-29384971b","https://www.westendpower.com/new-models/stihl-ms-661-c-m-magnum25lw-rapid-super38-33-rs-84-29384971b","11"
"1144 200 0339","MS 661 C-M","Unchanged","https://www.westendpower.com/new-models/stihl-ms-661-c-m-magnum25lw-rapid-super38-33-rs-84-29384971b","https://www.westendpower.com/new-models/stihl-ms-661-c-m-magnum25lw-rapid-super38-33-rs-84-29384971b","11"
"1144 200 0463","MS 661 C-M","Unchanged","https://www.westendpower.com/new-models/stihl-ms-661-c-m-magnum25lw-rapid-super38-33-rs-84-29384971b","https://www.westendpower.com/new-models/stihl-ms-661-c-m-magnum25lw-rapid-super38-33-rs-84-29384971b","11"
"1144 200 0404","MS 661 C-M","Unchanged","https://www.westendpower.com/new-models/stihl-ms-661-c-m-magnum25lw-rapid-super38-33-rs-84-29384971b","https://www.westendpower.com/new-models/stihl-ms-661-c-m-magnum25lw-rapid-super38-33-rs-84-29384971b","11"
"1144 200 0338","MS 661 C-M","Unchanged","https://www.westendpower.com/new-models/stihl-ms-661-c-m-magnum25lw-rapid-super38-33-rs-84-29384971b","https://www.westendpower.com/new-models/stihl-ms-661-c-m-magnum25lw-rapid-super38-33-rs-84-29384971b","11"
"1144 200 0464","MS 661 C-M","Unchanged","https://www.westendpower.com/new-models/stihl-ms-661-c-m-magnum25lw-rapid-super38-33-rs-84-29384971b","https://www.westendpower.com/new-models/stihl-ms-661-c-m-magnum25lw-rapid-super38-33-rs-84-29384971b","11"
"1144 200 0405","MS 661 C-M","Unchanged","https://www.westendpower.com/new-models/stihl-ms-661-c-m-magnum25lw-rapid-super38-33-rs-84-29384971b","https://www.westendpower.com/new-models/stihl-ms-661-c-m-magnum25lw-rapid-super38-33-rs-84-29384971b","11"
"1144 200 0336","MS 661 C-M","Unchanged","https://www.westendpower.com/new-models/stihl-ms-661-c-m-magnum25lw-rapid-super38-33-rs-84-29384971b","https://www.westendpower.com/new-models/stihl-ms-661-c-m-magnum25lw-rapid-super38-33-rs-84-29384971b","11"
"1144 200 0465","MS 661 C-M","Unchanged","https://www.westendpower.com/new-models/stihl-ms-661-c-m-magnum25lw-rapid-super38-33-rs-84-29384971b","https://www.westendpower.com/new-models/stihl-ms-661-c-m-magnum25lw-rapid-super38-33-rs-84-29384971b","11"
"1144 200 0406","MS 661 C-M","Unchanged","https://www.westendpower.com/new-models/stihl-ms-661-c-m-magnum25lw-rapid-super38-33-rs-84-29384971b","https://www.westendpower.com/new-models/stihl-ms-661-c-m-magnum25lw-rapid-super38-33-rs-84-29384971b","11"
"1144 200 0466","MS 661 C-M","Unchanged","https://www.westendpower.com/new-models/stihl-ms-661-c-m-magnum25lw-rapid-super38-33-rs-84-29384971b","https://www.westendpower.com/new-models/stihl-ms-661-c-m-magnum25lw-rapid-super38-33-rs-84-29384971b","11"
"1144 200 0384","MS 661 R","Unchanged","https://www.westendpower.com/new-models/stihl-ms-661-r-magnum-25-rapid-33-rs-84-29385648b","https://www.westendpower.com/new-models/stihl-ms-661-r-magnum-25-rapid-33-rs-84-29385648b","11"
"1144 200 0385","MS 661 R","Unchanged","https://www.westendpower.com/new-models/stihl-ms-661-r-magnum-25-rapid-33-rs-84-29385648b","https://www.westendpower.com/new-models/stihl-ms-661-r-magnum-25-rapid-33-rs-84-29385648b","11"
"1144 200 0386","MS 661 R","Unchanged","https://www.westendpower.com/new-models/stihl-ms-661-r-magnum-25-rapid-33-rs-84-29385648b","https://www.westendpower.com/new-models/stihl-ms-661-r-magnum-25-rapid-33-rs-84-29385648b","11"
"1144 200 0388","MS 661 R","Unchanged","https://www.westendpower.com/new-models/stihl-ms-661-r-magnum-25-rapid-33-rs-84-29385648b","https://www.westendpower.com/new-models/stihl-ms-661-r-magnum-25-rapid-33-rs-84-29385648b","11"
"1144 200 0387","MS 661 R","Unchanged","https://www.westendpower.com/new-models/stihl-ms-661-r-magnum-25-rapid-33-rs-84-29385648b","https://www.westendpower.com/new-models/stihl-ms-661-r-magnum-25-rapid-33-rs-84-29385648b","11"
"1144 200 0459","MS 661 R","Unchanged","https://www.westendpower.com/new-models/stihl-ms-661-r-magnum-25-rapid-33-rs-84-29385648b","https://www.westendpower.com/new-models/stihl-ms-661-r-magnum-25-rapid-33-rs-84-29385648b","11"
"1144 200 0435","MS 661 R","Unchanged","https://www.westendpower.com/new-models/stihl-ms-661-r-magnum-25-rapid-33-rs-84-29385648b","https://www.westendpower.com/new-models/stihl-ms-661-r-magnum-25-rapid-33-rs-84-29385648b","11"
"1144 200 0424","MS 661 R","Unchanged","https://www.westendpower.com/new-models/stihl-ms-661-r-magnum-25-rapid-33-rs-84-29385648b","https://www.westendpower.com/new-models/stihl-ms-661-r-magnum-25-rapid-33-rs-84-29385648b","11"
"1144 200 0389","MS 661 R","Unchanged","https://www.westendpower.com/new-models/stihl-ms-661-r-magnum-25-rapid-33-rs-84-29385648b","https://www.westendpower.com/new-models/stihl-ms-661-r-magnum-25-rapid-33-rs-84-29385648b","11"
"1144 200 0425","MS 661 R","Unchanged","https://www.westendpower.com/new-models/stihl-ms-661-r-magnum-25-rapid-33-rs-84-29385648b","https://www.westendpower.com/new-models/stihl-ms-661-r-magnum-25-rapid-33-rs-84-29385648b","11"
"1144 200 0390","MS 661 R","Unchanged","https://www.westendpower.com/new-models/stihl-ms-661-r-magnum-25-rapid-33-rs-84-29385648b","https://www.westendpower.com/new-models/stihl-ms-661-r-magnum-25-rapid-33-rs-84-29385648b","11"
"1144 200 0426","MS 661 R","Unchanged","https://www.westendpower.com/new-models/stihl-ms-661-r-magnum-25-rapid-33-rs-84-29385648b","https://www.westendpower.com/new-models/stihl-ms-661-r-magnum-25-rapid-33-rs-84-29385648b","11"
"1144 200 0460","MS 661 R","Unchanged","https://www.westendpower.com/new-models/stihl-ms-661-r-magnum-25-rapid-33-rs-84-29385648b","https://www.westendpower.com/new-models/stihl-ms-661-r-magnum-25-rapid-33-rs-84-29385648b","11"
"1144 200 0391","MS 661 R","Unchanged","https://www.westendpower.com/new-models/stihl-ms-661-r-magnum-25-rapid-33-rs-84-29385648b","https://www.westendpower.com/new-models/stihl-ms-661-r-magnum-25-rapid-33-rs-84-29385648b","11"
"1144 200 0461","MS 661 R","Unchanged","https://www.westendpower.com/new-models/stihl-ms-661-r-magnum-25-rapid-33-rs-84-29385648b","https://www.westendpower.com/new-models/stihl-ms-661-r-magnum-25-rapid-33-rs-84-29385648b","11"
"1144 200 0407","MS 661 RC-M","Unchanged","https://www.westendpower.com/new-models/stihl-ms-661-r-c-m-magnum-25-lw-rapid-33-rs-84-29385058b","https://www.westendpower.com/new-models/stihl-ms-661-r-c-m-magnum-25-lw-rapid-33-rs-84-29385058b","15"
"1144 200 0408","MS 661 RC-M","Unchanged","https://www.westendpower.com/new-models/stihl-ms-661-r-c-m-magnum-25-lw-rapid-33-rs-84-29385058b","https://www.westendpower.com/new-models/stihl-ms-661-r-c-m-magnum-25-lw-rapid-33-rs-84-29385058b","15"
"1144 200 0411","MS 661 RC-M","Unchanged","https://www.westendpower.com/new-models/stihl-ms-661-r-c-m-magnum-25-lw-rapid-33-rs-84-29385058b","https://www.westendpower.com/new-models/stihl-ms-661-r-c-m-magnum-25-lw-rapid-33-rs-84-29385058b","15"
"1144 200 0410","MS 661 RC-M","Unchanged","https://www.westendpower.com/new-models/stihl-ms-661-r-c-m-magnum-25-lw-rapid-33-rs-84-29385058b","https://www.westendpower.com/new-models/stihl-ms-661-r-c-m-magnum-25-lw-rapid-33-rs-84-29385058b","15"
"1144 200 0467","MS 661 RC-M","Unchanged","https://www.westendpower.com/new-models/stihl-ms-661-r-c-m-magnum-25-lw-rapid-33-rs-84-29385058b","https://www.westendpower.com/new-models/stihl-ms-661-r-c-m-magnum-25-lw-rapid-33-rs-84-29385058b","15"
"1144 200 0433","MS 661 RC-M","Unchanged","https://www.westendpower.com/new-models/stihl-ms-661-r-c-m-magnum-25-lw-rapid-33-rs-84-29385058b","https://www.westendpower.com/new-models/stihl-ms-661-r-c-m-magnum-25-lw-rapid-33-rs-84-29385058b","15"
"1144 200 0420","MS 661 RC-M","Unchanged","https://www.westendpower.com/new-models/stihl-ms-661-r-c-m-magnum-25-lw-rapid-33-rs-84-29385058b","https://www.westendpower.com/new-models/stihl-ms-661-r-c-m-magnum-25-lw-rapid-33-rs-84-29385058b","15"
"1144 200 0430","MS 661 RC-M","Unchanged","https://www.westendpower.com/new-models/stihl-ms-661-r-c-m-magnum-25-lw-rapid-33-rs-84-29385058b","https://www.westendpower.com/new-models/stihl-ms-661-r-c-m-magnum-25-lw-rapid-33-rs-84-29385058b","15"
"1144 200 0468","MS 661 RC-M","Unchanged","https://www.westendpower.com/new-models/stihl-ms-661-r-c-m-magnum-25-lw-rapid-33-rs-84-29385058b","https://www.westendpower.com/new-models/stihl-ms-661-r-c-m-magnum-25-lw-rapid-33-rs-84-29385058b","15"
"1144 200 0412","MS 661 RC-M","Unchanged","https://www.westendpower.com/new-models/stihl-ms-661-r-c-m-magnum-25-lw-rapid-33-rs-84-29385058b","https://www.westendpower.com/new-models/stihl-ms-661-r-c-m-magnum-25-lw-rapid-33-rs-84-29385058b","15"
"1144 200 0342","MS 661 RC-M","Unchanged","https://www.westendpower.com/new-models/stihl-ms-661-r-c-m-magnum-25-lw-rapid-33-rs-84-29385058b","https://www.westendpower.com/new-models/stihl-ms-661-r-c-m-magnum-25-lw-rapid-33-rs-84-29385058b","15"
"1144 200 0469","MS 661 RC-M","Unchanged","https://www.westendpower.com/new-models/stihl-ms-661-r-c-m-magnum-25-lw-rapid-33-rs-84-29385058b","https://www.westendpower.com/new-models/stihl-ms-661-r-c-m-magnum-25-lw-rapid-33-rs-84-29385058b","15"
"1144 200 0343","MS 661 RC-M","Unchanged","https://www.westendpower.com/new-models/stihl-ms-661-r-c-m-magnum-25-lw-rapid-33-rs-84-29385058b","https://www.westendpower.com/new-models/stihl-ms-661-r-c-m-magnum-25-lw-rapid-33-rs-84-29385058b","15"
"1144 200 0413","MS 661 RC-M","Unchanged","https://www.westendpower.com/new-models/stihl-ms-661-r-c-m-magnum-25-lw-rapid-33-rs-84-29385058b","https://www.westendpower.com/new-models/stihl-ms-661-r-c-m-magnum-25-lw-rapid-33-rs-84-29385058b","15"
"1144 200 0470","MS 661 RC-M","Unchanged","https://www.westendpower.com/new-models/stihl-ms-661-r-c-m-magnum-25-lw-rapid-33-rs-84-29385058b","https://www.westendpower.com/new-models/stihl-ms-661-r-c-m-magnum-25-lw-rapid-33-rs-84-29385058b","15"
"1144 200 0431","MS 661 RC-M","Unchanged","https://www.westendpower.com/new-models/stihl-ms-661-r-c-m-magnum-25-lw-rapid-33-rs-84-29385058b","https://www.westendpower.com/new-models/stihl-ms-661-r-c-m-magnum-25-lw-rapid-33-rs-84-29385058b","15"
"1144 200 0341","MS 661 RC-M","Unchanged","https://www.westendpower.com/new-models/stihl-ms-661-r-c-m-magnum-25-lw-rapid-33-rs-84-29385058b","https://www.westendpower.com/new-models/stihl-ms-661-r-c-m-magnum-25-lw-rapid-33-rs-84-29385058b","15"
"1144 200 0340","MS 661 RC-M","Unchanged","https://www.westendpower.com/new-models/stihl-ms-661-r-c-m-magnum-25-lw-rapid-33-rs-84-29385058b","https://www.westendpower.com/new-models/stihl-ms-661-r-c-m-magnum-25-lw-rapid-33-rs-84-29385058b","15"
"1144 200 0414","MS 661 RC-M","Unchanged","https://www.westendpower.com/new-models/stihl-ms-661-r-c-m-magnum-25-lw-rapid-33-rs-84-29385058b","https://www.westendpower.com/new-models/stihl-ms-661-r-c-m-magnum-25-lw-rapid-33-rs-84-29385058b","15"
"1144 200 0471","MS 661 RC-M","Unchanged","https://www.westendpower.com/new-models/stihl-ms-661-r-c-m-magnum-25-lw-rapid-33-rs-84-29385058b","https://www.westendpower.com/new-models/stihl-ms-661-r-c-m-magnum-25-lw-rapid-33-rs-84-29385058b","15"
"1144 200 0494","MS 661 RC-M","Unchanged","https://www.westendpower.com/new-models/stihl-ms-661-r-c-m-magnum-25-lw-rapid-33-rs-84-29385058b","https://www.westendpower.com/new-models/stihl-ms-661-r-c-m-magnum-25-lw-rapid-33-rs-84-29385058b","15"
"1124 200 0221","MS 881","Unchanged","https://www.westendpower.com/new-models/stihl-ms-881-magnum-25-rapid-super-040446-rs-80-29385655b","https://www.westendpower.com/new-models/stihl-ms-881-magnum-25-rapid-super-040446-rs-80-29385655b","3"
"1124 200 0211","MS 881","Unchanged","https://www.westendpower.com/new-models/stihl-ms-881-magnum-25-rapid-super-040446-rs-80-29385655b","https://www.westendpower.com/new-models/stihl-ms-881-magnum-25-rapid-super-040446-rs-80-29385655b","3"
"1124 200 0218","MS 881","Unchanged","https://www.westendpower.com/new-models/stihl-ms-881-magnum-25-rapid-super-040446-rs-80-29385655b","https://www.westendpower.com/new-models/stihl-ms-881-magnum-25-rapid-super-040446-rs-80-29385655b","3"
"1124 200 0222","MS 881 R","Unchanged","https://www.westendpower.com/new-models/stihl-ms-881-r-magnum-25-rapid-super40446-rs-80-29385674b","https://www.westendpower.com/new-models/stihl-ms-881-r-magnum-25-rapid-super40446-rs-80-29385674b","3"
"1124 200 0219","MS 881 R","Unchanged","https://www.westendpower.com/new-models/stihl-ms-881-r-magnum-25-rapid-super40446-rs-80-29385674b","https://www.westendpower.com/new-models/stihl-ms-881-r-magnum-25-rapid-super40446-rs-80-29385674b","3"
"1124 200 0220","MS 881 R","Unchanged","https://www.westendpower.com/new-models/stihl-ms-881-r-magnum-25-rapid-super40446-rs-80-29385674b","https://www.westendpower.com/new-models/stihl-ms-881-r-magnum-25-rapid-super40446-rs-80-29385674b","3"
"6301 011 1449 US","RMI 422 PC-L","Missing","","","0"
"WA81 011 8400 US","AZA 748","Unchanged","https://www.westendpower.com/new-models/stihl-aza-748-stand-on-zero-turn-mower-29380920b","https://www.westendpower.com/new-models/stihl-aza-748-stand-on-zero-turn-mower-29380920b","1"
"WA81 011 8410 US","AZA 752","Unchanged","https://www.westendpower.com/new-models/stihl-aza-752-stand-on-zero-turn-mower-29380932b","https://www.westendpower.com/new-models/stihl-aza-752-stand-on-zero-turn-mower-29380932b","1"
"WA81 011 8420 US","AZA 760","Unchanged","https://www.westendpower.com/new-models/stihl-aza-760-stand-on-zero-turn-mower-29380933b","https://www.westendpower.com/new-models/stihl-aza-760-stand-on-zero-turn-mower-29380933b","1"
"WA04 011 8600 US","RZA 748","Unchanged","https://www.westendpower.com/new-models/stihl-rza-748-battery-zero-turn-mower-29380897b","https://www.westendpower.com/new-models/stihl-rza-748-battery-zero-turn-mower-29380897b","1"
"WA04 011 8610 US","RZA 752","Unchanged","https://www.westendpower.com/new-models/stihl-rza-752-battery-zero-turn-mower-29380906b","https://www.westendpower.com/new-models/stihl-rza-752-battery-zero-turn-mower-29380906b","1"
"WA04 011 8620 US","RZA 760","Unchanged","https://www.westendpower.com/new-models/stihl-rza-760-battery-zero-turn-mower-29380907b","https://www.westendpower.com/new-models/stihl-rza-760-battery-zero-turn-mower-29380907b","1"
"4255 019 4911","SG 11","Unchanged","https://www.westendpower.com/new-models/stihl-sg-11-29386394b","https://www.westendpower.com/new-models/stihl-sg-11-29386394b","1"
"4255 019 4931","SG 31","Unchanged","https://www.westendpower.com/new-models/stihl-sg-31-29386401b","https://www.westendpower.com/new-models/stihl-sg-31-29386401b","1"
"4255 019 4951","SG 51","Unchanged","https://www.westendpower.com/new-models/stihl-sg-51-29386431b","https://www.westendpower.com/new-models/stihl-sg-51-29386431b","1"
"4255 019 4971","SG 71","Unchanged","https://www.westendpower.com/new-models/stihl-sg-71-29386438b","https://www.westendpower.com/new-models/stihl-sg-71-29386438b","1"
"4869 011 3505 US","HSA 94 R","Missing","","","0"
"4869 011 3562 US","HSA 130 R","Missing","","","0"
"4869 011 3568 US","HSA 130 T","Missing","","","0"
